2, 0, 30000, 30000, 30000, 45.44568799999999697547536925412714481353759765625000
2, 0, 30000, 30000, 30000, 45.47898800000000107957021100446581840515136718750000
2, 0, 30000, 30000, 30000, 45.61668900000000093086782726459205150604248046875000
2, 0, 30000, 30000, 30000, 50.18262599999999906685843598097562789916992187500000
2, 0, 30000, 30000, 30000, 50.53857699999999653073246008716523647308349609375000
2, 1, 30000, 30000, 30000, 63.89028799999999819192453287541866302490234375000000
2, 1, 30000, 30000, 30000, 78.85962800000000072486727731302380561828613281250000
2, 1, 30000, 30000, 30000, 78.81012800000000595446181250736117362976074218750000
2, 1, 30000, 30000, 30000, 63.60493799999999708916220697574317455291748046875000
2, 1, 30000, 30000, 30000, 63.64980099999999652027327101677656173706054687500000
3, 0, 30000, 30000, 30000, 43.81398200000000286991053144447505474090576171875000
3, 0, 30000, 30000, 30000, 43.08785300000000262343746726401150226593017578125000
3, 0, 30000, 30000, 30000, 43.82610900000000242471287492662668228149414062500000
3, 0, 30000, 30000, 30000, 43.87870099999999951023710309527814388275146484375000
3, 0, 30000, 30000, 30000, 49.66774900000000059208105085417628288269042968750000
3, 1, 30000, 30000, 30000, 61.21919199999999960937202558852732181549072265625000
3, 1, 30000, 30000, 30000, 61.42801200000000250156517722643911838531494140625000
3, 1, 30000, 30000, 30000, 74.71353899999999725878296885639429092407226562500000
3, 1, 30000, 30000, 30000, 61.88416800000000250747689278796315193176269531250000
3, 1, 30000, 30000, 30000, 61.59032799999999951978679746389389038085937500000000
4, 0, 30000, 30000, 30000, 43.01258299999999934470906737260520458221435546875000
4, 0, 30000, 30000, 30000, 45.64950300000000282807377516292035579681396484375000
4, 0, 30000, 30000, 30000, 50.46570299999999775764081277884542942047119140625000
4, 0, 30000, 30000, 30000, 42.52330300000000562476998311467468738555908203125000
4, 0, 30000, 30000, 30000, 43.07248599999999782994564156979322433471679687500000
4, 1, 30000, 30000, 30000, 60.92573300000000102727426565252244472503662109375000
4, 1, 30000, 30000, 30000, 61.33825600000000122236087918281555175781250000000000
4, 1, 30000, 30000, 30000, 61.75601000000000340151018463075160980224609375000000
4, 1, 30000, 30000, 30000, 61.36061099999999868259692448191344738006591796875000
4, 1, 30000, 30000, 30000, 76.46052600000000154523149831220507621765136718750000
5, 0, 30000, 30000, 30000, 42.68099500000000290356183541007339954376220703125000
5, 0, 30000, 30000, 30000, 42.30576599999999842793840798549354076385498046875000
5, 0, 30000, 30000, 30000, 42.70732799999999684814611100591719150543212890625000
5, 0, 30000, 30000, 30000, 42.91816699999999684678186895325779914855957031250000
5, 0, 30000, 30000, 30000, 42.86289000000000015688783605583012104034423828125000
5, 1, 30000, 30000, 30000, 75.12982700000000590989657212048768997192382812500000
5, 1, 30000, 30000, 30000, 60.64704600000000311865733237937092781066894531250000
5, 1, 30000, 30000, 30000, 61.02741699999999980263964971527457237243652343750000
5, 1, 30000, 30000, 30000, 61.36974200000000223553797695785760879516601562500000
5, 1, 30000, 30000, 30000, 75.40656400000000303407432511448860168457031250000000
6, 0, 30000, 30000, 30000, 42.53422599999999675901563023217022418975830078125000
6, 0, 30000, 30000, 30000, 42.43057499999999748752088635228574275970458984375000
6, 0, 30000, 30000, 30000, 42.20318900000000184036252903752028942108154296875000
6, 0, 30000, 30000, 30000, 48.54137500000000216004991671070456504821777343750000
6, 0, 30000, 30000, 30000, 42.20391999999999654846760677173733711242675781250000
6, 1, 30000, 30000, 30000, 61.22713000000000249656295636668801307678222656250000
6, 1, 30000, 30000, 30000, 61.09214899999999914825821178965270519256591796875000
6, 1, 30000, 30000, 30000, 66.45838000000000533873389940708875656127929687500000
6, 1, 30000, 30000, 30000, 60.90370500000000220097717829048633575439453125000000
6, 1, 30000, 30000, 30000, 60.41307700000000124873622553423047065734863281250000
7, 0, 30000, 30000, 30000, 42.68517200000000144655132316984236240386962890625000
7, 0, 30000, 30000, 30000, 42.13610500000000058662408264353871345520019531250000
7, 0, 30000, 30000, 30000, 41.95408599999999665897121303714811801910400390625000
7, 0, 30000, 30000, 30000, 42.33231800000000077943695941939949989318847656250000
7, 0, 30000, 30000, 30000, 43.15905999999999664851202396675944328308105468750000
7, 1, 30000, 30000, 30000, 60.72482899999999972351361066102981567382812500000000
7, 1, 30000, 30000, 30000, 75.44302700000000072577677201479673385620117187500000
7, 1, 30000, 30000, 30000, 60.87595699999999965257302392274141311645507812500000
7, 1, 30000, 30000, 30000, 61.59910299999999949704942991957068443298339843750000
7, 1, 30000, 30000, 30000, 61.54495299999999957663021632470190525054931640625000
8, 0, 30000, 30000, 30000, 42.40939600000000098134478321298956871032714843750000
8, 0, 30000, 30000, 30000, 42.50119999999999720330379204824566841125488281250000
8, 0, 30000, 30000, 30000, 42.69656299999999760075297672301530838012695312500000
8, 0, 30000, 30000, 30000, 42.24542199999999780857251607812941074371337890625000
8, 0, 30000, 30000, 30000, 44.92931699999999750616552773863077163696289062500000
8, 1, 30000, 30000, 30000, 61.18637600000000276168066193349659442901611328125000
8, 1, 30000, 30000, 30000, 61.06114000000000174850356415845453739166259765625000
8, 1, 30000, 30000, 30000, 74.17467899999999758620106149464845657348632812500000
8, 1, 30000, 30000, 30000, 59.97175200000000216959961107932031154632568359375000
8, 1, 30000, 30000, 30000, 60.42920900000000017371348803862929344177246093750000
9, 0, 30000, 30000, 30000, 42.34631600000000162253854796290397644042968750000000
9, 0, 30000, 30000, 30000, 42.67074099999999958754415274597704410552978515625000
9, 0, 30000, 30000, 30000, 49.67337400000000258160071098245680332183837890625000
9, 0, 30000, 30000, 30000, 42.96046299999999718011167715303599834442138671875000
9, 0, 30000, 30000, 30000, 42.92873300000000114096110337413847446441650390625000
9, 1, 30000, 30000, 30000, 61.25607399999999813644535606727004051208496093750000
9, 1, 30000, 30000, 30000, 60.49887999999999976807885104790329933166503906250000
9, 1, 30000, 30000, 30000, 86.47145399999999426654540002346038818359375000000000
9, 1, 30000, 30000, 30000, 75.57547399999999981901055434718728065490722656250000
9, 1, 30000, 30000, 30000, 60.61441700000000309955794364213943481445312500000000
10, 0, 30000, 30000, 30000, 42.15264100000000269119482254609465599060058593750000
10, 0, 30000, 30000, 30000, 42.41404200000000201953298528678715229034423828125000
10, 0, 30000, 30000, 30000, 42.11691700000000082582118920981884002685546875000000
10, 0, 30000, 30000, 30000, 51.20655500000000159843693836592137813568115234375000
10, 0, 30000, 30000, 30000, 50.00609399999999737929101684130728244781494140625000
10, 1, 30000, 30000, 30000, 60.64079799999999664805727661587297916412353515625000
10, 1, 30000, 30000, 30000, 61.22787999999999897227098699659109115600585937500000
10, 1, 30000, 30000, 30000, 60.59180500000000080262907431460916996002197265625000
10, 1, 30000, 30000, 30000, 61.06331000000000130967237055301666259765625000000000
10, 1, 30000, 30000, 30000, 61.40985700000000235831976169720292091369628906250000
11, 0, 30000, 30000, 30000, 44.48643200000000064164851210080087184906005859375000
11, 0, 30000, 30000, 30000, 42.36575799999999958345142658799886703491210937500000
11, 0, 30000, 30000, 30000, 42.38393899999999803185346536338329315185546875000000
11, 0, 30000, 30000, 30000, 42.70775199999999927058524917811155319213867187500000
11, 0, 30000, 30000, 30000, 42.46877800000000036106939660385251045227050781250000
11, 1, 30000, 30000, 30000, 60.86507999999999896090230322442948818206787109375000
11, 1, 30000, 30000, 30000, 60.91036799999999828969521331600844860076904296875000
11, 1, 30000, 30000, 30000, 60.91971199999999697638486395590007305145263671875000
11, 1, 30000, 30000, 30000, 75.46022499999999411102180602028965950012207031250000
11, 1, 30000, 30000, 30000, 104.22413699999999892042978899553418159484863281250000
12, 0, 30000, 30000, 30000, 42.19898599999999788678906043060123920440673828125000
12, 0, 30000, 30000, 30000, 42.32101600000000019008439267054200172424316406250000
12, 0, 30000, 30000, 30000, 49.54742900000000105364961200393736362457275390625000
12, 0, 30000, 30000, 30000, 42.36915800000000587033355259336531162261962890625000
12, 0, 30000, 30000, 30000, 42.64396099999999734109223936684429645538330078125000
12, 1, 30000, 30000, 30000, 61.61898699999999706733433413319289684295654296875000
12, 1, 30000, 30000, 30000, 61.13411500000000131649358081631362438201904296875000
12, 1, 30000, 30000, 30000, 61.31214800000000053614712669514119625091552734375000
12, 1, 30000, 30000, 30000, 60.83584299999999700503394706174731254577636718750000
12, 1, 30000, 30000, 30000, 102.59584999999999865849531488493084907531738281250000
13, 0, 30000, 30000, 30000, 42.48590999999999695546648581512272357940673828125000
13, 0, 30000, 30000, 30000, 42.52694799999999730744093540124595165252685546875000
13, 0, 30000, 30000, 30000, 42.37761199999999917054083198308944702148437500000000
13, 0, 30000, 30000, 30000, 42.76726800000000139334588311612606048583984375000000
13, 0, 30000, 30000, 30000, 42.58053900000000169256963999941945075988769531250000
13, 1, 30000, 30000, 30000, 61.36499799999999993360688677057623863220214843750000
13, 1, 30000, 30000, 30000, 60.97451000000000220779838855378329753875732421875000
13, 1, 30000, 30000, 30000, 61.07181700000000290629031951539218425750732421875000
13, 1, 30000, 30000, 30000, 61.41042300000000153659129864536225795745849609375000
13, 1, 30000, 30000, 30000, 62.78712800000000271438693744130432605743408203125000
14, 0, 30000, 30000, 30000, 42.56615299999999990632204571738839149475097656250000
14, 0, 30000, 30000, 30000, 42.50100299999999720057530794292688369750976562500000
14, 0, 30000, 30000, 30000, 42.68620100000000405771061195991933345794677734375000
14, 0, 30000, 30000, 30000, 42.89192599999999799820216139778494834899902343750000
14, 0, 30000, 30000, 30000, 43.24655800000000027694113668985664844512939453125000
14, 1, 30000, 30000, 30000, 62.06340900000000004865796654485166072845458984375000
14, 1, 30000, 30000, 30000, 61.78712099999999907140590948984026908874511718750000
14, 1, 30000, 30000, 30000, 61.76223399999999941201167530380189418792724609375000
14, 1, 30000, 30000, 30000, 75.77952600000000416002876590937376022338867187500000
14, 1, 30000, 30000, 30000, 61.97168099999999668625605409033596515655517578125000
15, 0, 30000, 30000, 30000, 42.82673499999999933152139419689774513244628906250000
15, 0, 30000, 30000, 30000, 49.84129800000000187765181181021034717559814453125000
15, 0, 30000, 30000, 30000, 43.13213199999999858391674933955073356628417968750000
15, 0, 30000, 30000, 30000, 42.21437900000000098543750937096774578094482421875000
15, 0, 30000, 30000, 30000, 42.89231500000000352201823261566460132598876953125000
15, 1, 30000, 30000, 30000, 64.37022699999999986175680533051490783691406250000000
15, 1, 30000, 30000, 30000, 62.65988300000000066347638494335114955902099609375000
15, 1, 30000, 30000, 30000, 63.02411000000000029785951483063399791717529296875000
15, 1, 30000, 30000, 30000, 63.28315599999999818692231201566755771636962890625000
15, 1, 30000, 30000, 30000, 61.99269300000000271211320068687200546264648437500000
16, 0, 30000, 30000, 30000, 43.04129999999999967030817060731351375579833984375000
16, 0, 30000, 30000, 30000, 43.03156400000000303407432511448860168457031250000000
16, 0, 30000, 30000, 30000, 43.46859200000000100772012956440448760986328125000000
16, 0, 30000, 30000, 30000, 42.94413000000000124600774142891168594360351562500000
16, 0, 30000, 30000, 30000, 43.52731800000000106365405372343957424163818359375000
16, 1, 30000, 30000, 30000, 62.86131799999999714145815232768654823303222656250000
16, 1, 30000, 30000, 30000, 67.38979999999999392912286566570401191711425781250000
16, 1, 30000, 30000, 30000, 62.93525900000000206091499421745538711547851562500000
16, 1, 30000, 30000, 30000, 62.65654200000000173531589098274707794189453125000000
16, 1, 30000, 30000, 30000, 62.21772599999999897590896580368280410766601562500000
17, 0, 30000, 30000, 30000, 50.31728700000000031877789297141134738922119140625000
17, 0, 30000, 30000, 30000, 50.50255299999999891724655753932893276214599609375000
17, 0, 30000, 30000, 30000, 51.73436199999999729470800957642495632171630859375000
17, 0, 30000, 30000, 30000, 50.34493400000000207228367798961699008941650390625000
17, 0, 30000, 30000, 30000, 50.12234999999999729425326222553849220275878906250000
17, 1, 30000, 30000, 30000, 76.17893599999999310057319235056638717651367187500000
17, 1, 30000, 30000, 30000, 74.94912200000000268573785433545708656311035156250000
17, 1, 30000, 30000, 30000, 69.39109200000000043928594095632433891296386718750000
17, 1, 30000, 30000, 30000, 64.39148400000000549425749341025948524475097656250000
17, 1, 30000, 30000, 30000, 64.36033399999999460305843967944383621215820312500000
2, 0, 30000, 30000, 30000, 47.26188199999999994815880199894309043884277343750000
2, 0, 30000, 30000, 30000, 46.30060600000000192721927305683493614196777343750000
2, 0, 30000, 30000, 30000, 46.42238700000000051204551709815859794616699218750000
2, 0, 30000, 30000, 30000, 47.37462399999999718147591920569539070129394531250000
2, 0, 30000, 30000, 30000, 46.14025999999999783085513627156615257263183593750000
2, 1, 30000, 30000, 30000, 67.28612400000000093314156401902437210083007812500000
2, 1, 30000, 30000, 30000, 66.48919300000000021100277081131935119628906250000000
2, 1, 30000, 30000, 30000, 67.55071800000000337149685947224497795104980468750000
2, 1, 30000, 30000, 30000, 64.34385299999999574538378510624170303344726562500000
2, 1, 30000, 30000, 30000, 76.38219200000000341788108926266431808471679687500000
3, 0, 30000, 30000, 30000, 44.02373599999999953524820739403367042541503906250000
3, 0, 30000, 30000, 30000, 43.18888400000000160616764333099126815795898437500000
3, 0, 30000, 30000, 30000, 45.21753100000000102909325505606830120086669921875000
3, 0, 30000, 30000, 30000, 44.07424600000000225463736569508910179138183593750000
3, 0, 30000, 30000, 30000, 43.19977999999999696001395932398736476898193359375000
3, 1, 30000, 30000, 30000, 64.88593000000000188265403266996145248413085937500000
3, 1, 30000, 30000, 30000, 62.67313500000000203726813197135925292968750000000000
3, 1, 30000, 30000, 30000, 64.45959100000000319141690852120518684387207031250000
3, 1, 30000, 30000, 30000, 64.44313099999999394640326499938964843750000000000000
3, 1, 30000, 30000, 30000, 66.64120699999999430929165100678801536560058593750000
4, 0, 30000, 30000, 30000, 47.02961700000000178079062607139348983764648437500000
4, 0, 30000, 30000, 30000, 43.05661500000000074805939220823347568511962890625000
4, 0, 30000, 30000, 30000, 43.16771500000000116870069177821278572082519531250000
4, 0, 30000, 30000, 30000, 43.13896700000000095087671070359647274017333984375000
4, 0, 30000, 30000, 30000, 43.24266300000000029513103072531521320343017578125000
4, 1, 30000, 30000, 30000, 61.15933799999999820329321664758026599884033203125000
4, 1, 30000, 30000, 30000, 60.73414600000000262980393017642199993133544921875000
4, 1, 30000, 30000, 30000, 64.17415200000000652380549581721425056457519531250000
4, 1, 30000, 30000, 30000, 60.90287899999999865485733607783913612365722656250000
4, 1, 30000, 30000, 30000, 61.09405699999999939109329716302454471588134765625000
5, 0, 30000, 30000, 30000, 42.58637999999999834699337952770292758941650390625000
5, 0, 30000, 30000, 30000, 43.29893799999999970395947457291185855865478515625000
5, 0, 30000, 30000, 30000, 42.67391200000000139880285132676362991333007812500000
5, 0, 30000, 30000, 30000, 43.37249200000000115551301860250532627105712890625000
5, 0, 30000, 30000, 30000, 42.81925900000000240197550738230347633361816406250000
5, 1, 30000, 30000, 30000, 64.00007500000000959516910370439291000366210937500000
5, 1, 30000, 30000, 30000, 60.92851100000000030831870390102267265319824218750000
5, 1, 30000, 30000, 30000, 63.72148500000000126419763546437025070190429687500000
5, 1, 30000, 30000, 30000, 65.61255300000000545423972653225064277648925781250000
5, 1, 30000, 30000, 30000, 61.25835200000000213549355976283550262451171875000000
6, 0, 30000, 30000, 30000, 42.90594800000000219597495743073523044586181640625000
6, 0, 30000, 30000, 30000, 43.85406199999999898864189162850379943847656250000000
6, 0, 30000, 30000, 30000, 43.63504999999999967030817060731351375579833984375000
6, 0, 30000, 30000, 30000, 42.61735099999999931696947896853089332580566406250000
6, 0, 30000, 30000, 30000, 42.29321000000000196905602933838963508605957031250000
6, 1, 30000, 30000, 30000, 64.33450700000000210820871870964765548706054687500000
6, 1, 30000, 30000, 30000, 60.69417200000000178761183633469045162200927734375000
6, 1, 30000, 30000, 30000, 65.04820200000000340878614224493503570556640625000000
6, 1, 30000, 30000, 30000, 61.60662700000000313593773171305656433105468750000000
6, 1, 30000, 30000, 30000, 61.42910799999999937881511868909001350402832031250000
7, 0, 30000, 30000, 30000, 42.85175399999999967803887557238340377807617187500000
7, 0, 30000, 30000, 30000, 42.95742899999999764304448035545647144317626953125000
7, 0, 30000, 30000, 30000, 42.80967299999999653437043889425694942474365234375000
7, 0, 30000, 30000, 30000, 43.77662899999999979172571329399943351745605468750000
7, 0, 30000, 30000, 30000, 44.61613899999999688361640437506139278411865234375000
7, 1, 30000, 30000, 30000, 61.42928700000000219461071537807583808898925781250000
7, 1, 30000, 30000, 30000, 64.20197199999999781994119985029101371765136718750000
7, 1, 30000, 30000, 30000, 65.24808699999999817009666003286838531494140625000000
7, 1, 30000, 30000, 30000, 60.83118900000000195404936675913631916046142578125000
7, 1, 30000, 30000, 30000, 61.11921399999999948704498820006847381591796875000000
8, 0, 30000, 30000, 30000, 42.20845599999999819829099578782916069030761718750000
8, 0, 30000, 30000, 30000, 42.81691000000000002501110429875552654266357421875000
8, 0, 30000, 30000, 30000, 43.29647099999999682040652260184288024902343750000000
8, 0, 30000, 30000, 30000, 44.28232400000000268391886493191123008728027343750000
8, 0, 30000, 30000, 30000, 42.63445600000000013096723705530166625976562500000000
8, 1, 30000, 30000, 30000, 61.23786900000000343879946740344166755676269531250000
8, 1, 30000, 30000, 30000, 61.14142300000000318505044560879468917846679687500000
8, 1, 30000, 30000, 30000, 116.80746100000000353702489519491791725158691406250000
8, 1, 30000, 30000, 30000, 61.09119799999999855799615033902227878570556640625000
8, 1, 30000, 30000, 30000, 79.81801799999999502688297070562839508056640625000000
9, 0, 30000, 30000, 30000, 53.28019499999999908368408796377480030059814453125000
9, 0, 30000, 30000, 30000, 45.61524200000000206500772037543356418609619140625000
9, 0, 30000, 30000, 30000, 43.19780300000000039517544792033731937408447265625000
9, 0, 30000, 30000, 30000, 50.86270799999999780993675813078880310058593750000000
9, 0, 30000, 30000, 30000, 42.31208600000000075169737101532518863677978515625000
9, 1, 30000, 30000, 30000, 61.27641500000000007730704965069890022277832031250000
9, 1, 30000, 30000, 30000, 96.07073499999999910414771875366568565368652343750000
9, 1, 30000, 30000, 30000, 90.58193400000000394811650039628148078918457031250000
9, 1, 30000, 30000, 30000, 60.85739099999999979218046064488589763641357421875000
9, 1, 30000, 30000, 30000, 81.47916899999999884585122345015406608581542968750000
10, 0, 30000, 30000, 30000, 45.02760700000000326781446347013115882873535156250000
10, 0, 30000, 30000, 30000, 43.47985899999999759302227175794541835784912109375000
10, 0, 30000, 30000, 30000, 45.84979400000000282489054370671510696411132812500000
10, 0, 30000, 30000, 30000, 42.06886300000000034060576581396162509918212890625000
10, 0, 30000, 30000, 30000, 42.54799799999999976307663018815219402313232421875000
10, 1, 30000, 30000, 30000, 62.74898999999999915644366410560905933380126953125000
10, 1, 30000, 30000, 30000, 61.00457200000000312911652144975960254669189453125000
10, 1, 30000, 30000, 30000, 64.50750999999999635292624589055776596069335937500000
10, 1, 30000, 30000, 30000, 65.42014199999999846113496460020542144775390625000000
10, 1, 30000, 30000, 30000, 65.53399799999999686406226828694343566894531250000000
11, 0, 30000, 30000, 30000, 52.93377900000000124691723613068461418151855468750000
11, 0, 30000, 30000, 30000, 50.41595900000000085583451436832547187805175781250000
11, 0, 30000, 30000, 30000, 46.95560900000000259524313150905072689056396484375000
11, 0, 30000, 30000, 30000, 49.84028599999999897818270255811512470245361328125000
11, 0, 30000, 30000, 30000, 45.12685700000000110776454675942659378051757812500000
11, 1, 30000, 30000, 30000, 60.78028199999999969804775901138782501220703125000000
11, 1, 30000, 30000, 30000, 60.62358900000000261343302554450929164886474609375000
11, 1, 30000, 30000, 30000, 67.78691800000000000636646291241049766540527343750000
11, 1, 30000, 30000, 30000, 67.96903000000000361069396603852510452270507812500000
11, 1, 30000, 30000, 30000, 104.17893200000000319960236083716154098510742187500000
12, 0, 30000, 30000, 30000, 45.46440400000000181535142473876476287841796875000000
12, 0, 30000, 30000, 30000, 61.24695299999999775764081277884542942047119140625000
12, 0, 30000, 30000, 30000, 51.85409099999999682495399611070752143859863281250000
12, 0, 30000, 30000, 30000, 66.27437000000000466570782009512186050415039062500000
12, 0, 30000, 30000, 30000, 43.23693200000000302907210425473749637603759765625000
12, 1, 30000, 30000, 30000, 88.78249300000000232557795243337750434875488281250000
12, 1, 30000, 30000, 30000, 60.83368699999999762439983896911144256591796875000000
12, 1, 30000, 30000, 30000, 60.68111199999999882948031881824135780334472656250000
12, 1, 30000, 30000, 30000, 71.51126499999999452938936883583664894104003906250000
12, 1, 30000, 30000, 30000, 64.23960900000000151521817315369844436645507812500000
13, 0, 30000, 30000, 30000, 42.63838700000000159207047545351088047027587890625000
13, 0, 30000, 30000, 30000, 48.89565400000000039426595321856439113616943359375000
13, 0, 30000, 30000, 30000, 42.53908100000000302998159895651042461395263671875000
13, 0, 30000, 30000, 30000, 60.21100899999999711553755332715809345245361328125000
13, 0, 30000, 30000, 30000, 46.40013299999999674128048354759812355041503906250000
13, 1, 30000, 30000, 30000, 105.31975199999999404099071398377418518066406250000000
13, 1, 30000, 30000, 30000, 61.12375000000000113686837721616029739379882812500000
13, 1, 30000, 30000, 30000, 74.41478899999999896408553468063473701477050781250000
13, 1, 30000, 30000, 30000, 80.95618699999999989813659340143203735351562500000000
13, 1, 30000, 30000, 30000, 61.00239100000000291856849798932671546936035156250000
14, 0, 30000, 30000, 30000, 42.24500299999999697320163249969482421875000000000000
14, 0, 30000, 30000, 30000, 66.56151499999999998635757947340607643127441406250000
14, 0, 30000, 30000, 30000, 93.42536599999999680221662856638431549072265625000000
14, 0, 30000, 30000, 30000, 42.40851500000000129375621327199041843414306640625000
14, 0, 30000, 30000, 30000, 44.29879999999999995452526491135358810424804687500000
14, 1, 30000, 30000, 30000, 67.96748999999999796273186802864074707031250000000000
14, 1, 30000, 30000, 30000, 61.06483800000000172758518601767718791961669921875000
14, 1, 30000, 30000, 30000, 61.04758999999999957708496367558836936950683593750000
14, 1, 30000, 30000, 30000, 75.88378299999999399005901068449020385742187500000000
14, 1, 30000, 30000, 30000, 60.99274799999999885358192841522395610809326171875000
15, 0, 30000, 30000, 30000, 45.11153500000000349245965480804443359375000000000000
15, 0, 30000, 30000, 30000, 43.31840900000000260661181528121232986450195312500000
15, 0, 30000, 30000, 30000, 42.67132900000000006457412382587790489196777343750000
15, 0, 30000, 30000, 30000, 49.36386000000000251475285040214657783508300781250000
15, 0, 30000, 30000, 30000, 45.01944900000000160389390657655894756317138671875000
15, 1, 30000, 30000, 30000, 61.30165999999999826286511961370706558227539062500000
15, 1, 30000, 30000, 30000, 66.16273400000000037834979593753814697265625000000000
15, 1, 30000, 30000, 30000, 64.56614999999999326973920688033103942871093750000000
15, 1, 30000, 30000, 30000, 147.11114900000001171065378002822399139404296875000000
15, 1, 30000, 30000, 30000, 84.78430000000000177351466845721006393432617187500000
16, 0, 30000, 30000, 30000, 46.44886400000000037380232242867350578308105468750000
16, 0, 30000, 30000, 30000, 44.28898099999999971032593748532235622406005859375000
16, 0, 30000, 30000, 30000, 42.57779200000000230375007959082722663879394531250000
16, 0, 30000, 30000, 30000, 43.85741099999999903502612141892313957214355468750000
16, 0, 30000, 30000, 30000, 47.96209499999999792407834320329129695892333984375000
16, 1, 30000, 30000, 30000, 62.51361099999999737519829068332910537719726562500000
16, 1, 30000, 30000, 30000, 71.57330399999999315241439035162329673767089843750000
16, 1, 30000, 30000, 30000, 67.25344900000000336603989126160740852355957031250000
16, 1, 30000, 30000, 30000, 60.93029800000000051340975915081799030303955078125000
16, 1, 30000, 30000, 30000, 84.05939499999999497958924621343612670898437500000000
17, 0, 30000, 30000, 30000, 53.36728300000000047020876081660389900207519531250000
17, 0, 30000, 30000, 30000, 60.20965600000000250702214543707668781280517578125000
17, 0, 30000, 30000, 30000, 47.85120799999999974261299939826130867004394531250000
17, 0, 30000, 30000, 30000, 42.78488999999999720103005529381334781646728515625000
17, 0, 30000, 30000, 30000, 47.78161000000000058207660913467407226562500000000000
17, 1, 30000, 30000, 30000, 62.57299700000000086674845078960061073303222656250000
17, 1, 30000, 30000, 30000, 67.64401800000000264390109805390238761901855468750000
17, 1, 30000, 30000, 30000, 68.15467700000000661475496599450707435607910156250000
17, 1, 30000, 30000, 30000, 62.23485600000000061982063925825059413909912109375000
17, 1, 30000, 30000, 30000, 74.41606799999999566352926194667816162109375000000000
18, 0, 30000, 30000, 30000, 43.78341900000000208592609851621091365814208984375000
18, 0, 30000, 30000, 30000, 43.75046600000000296404323307797312736511230468750000
18, 0, 30000, 30000, 30000, 43.77969999999999828332875040359795093536376953125000
18, 0, 30000, 30000, 30000, 43.97573200000000070986061473377048969268798828125000
18, 0, 30000, 30000, 30000, 43.69837100000000162935975822620093822479248046875000
18, 1, 30000, 30000, 30000, 76.50053900000000339787220582365989685058593750000000
18, 1, 30000, 30000, 30000, 65.00700899999999649025994585826992988586425781250000
18, 1, 30000, 30000, 30000, 64.21960099999999727060639997944235801696777343750000
18, 1, 30000, 30000, 30000, 64.50389199999999334522726712748408317565917968750000
18, 1, 30000, 30000, 30000, 65.61802400000000545787770533934235572814941406250000
3, 0, 30000, 30000, 30000, 44.33296500000000150976120494306087493896484375000000
3, 0, 30000, 30000, 30000, 44.11311899999999752708390587940812110900878906250000
3, 0, 30000, 30000, 30000, 45.05139700000000146928869071416556835174560546875000
3, 0, 30000, 30000, 30000, 44.18844399999999694728103349916636943817138671875000
3, 0, 30000, 30000, 30000, 44.21648199999999917508830549195408821105957031250000
3, 1, 30000, 30000, 30000, 62.20886399999999838428266230039298534393310546875000
3, 1, 30000, 30000, 30000, 64.43558899999999312058207578957080841064453125000000
3, 1, 30000, 30000, 30000, 64.44146499999999377905623987317085266113281250000000
3, 1, 30000, 30000, 30000, 63.30714100000000144063960760831832885742187500000000
3, 1, 30000, 30000, 30000, 67.74650499999999908595782471820712089538574218750000
4, 0, 30000, 30000, 30000, 43.83438999999999907686287770047783851623535156250000
4, 0, 30000, 30000, 30000, 43.53553399999999840019881958141922950744628906250000
4, 0, 30000, 30000, 30000, 43.99317200000000127602106658741831779479980468750000
4, 0, 30000, 30000, 30000, 43.68355100000000135196387418545782566070556640625000
4, 0, 30000, 30000, 30000, 43.88353000000000037061909097246825695037841796875000
4, 1, 30000, 30000, 30000, 65.65588499999999783085513627156615257263183593750000
4, 1, 30000, 30000, 30000, 75.14294399999999995998223312199115753173828125000000
4, 1, 30000, 30000, 30000, 61.37547800000000108866515802219510078430175781250000
4, 1, 30000, 30000, 30000, 66.51947099999999579722498310729861259460449218750000
4, 1, 30000, 30000, 30000, 64.46447899999999719966581324115395545959472656250000
5, 0, 30000, 30000, 30000, 43.51205700000000575755620957352221012115478515625000
5, 0, 30000, 30000, 30000, 43.10533600000000120644472190178930759429931640625000
5, 0, 30000, 30000, 30000, 42.93762300000000209365680348128080368041992187500000
5, 0, 30000, 30000, 30000, 44.49913999999999703049979871138930320739746093750000
5, 0, 30000, 30000, 30000, 42.55476699999999823376128915697336196899414062500000
5, 1, 30000, 30000, 30000, 61.65942400000000134241417981684207916259765625000000
5, 1, 30000, 30000, 30000, 61.60618699999999847705112188123166561126708984375000
5, 1, 30000, 30000, 30000, 61.36892699999999933879735181108117103576660156250000
5, 1, 30000, 30000, 30000, 63.76341899999999895953806117177009582519531250000000
5, 1, 30000, 30000, 30000, 61.39810400000000356612872565165162086486816406250000
6, 0, 30000, 30000, 30000, 42.80013100000000036970959627069532871246337890625000
6, 0, 30000, 30000, 30000, 43.38569799999999787587512400932610034942626953125000
6, 0, 30000, 30000, 30000, 42.75738100000000230238583753816783428192138671875000
6, 0, 30000, 30000, 30000, 44.54225799999999679812390240840613842010498046875000
6, 0, 30000, 30000, 30000, 42.72344900000000222917151404544711112976074218750000
6, 1, 30000, 30000, 30000, 60.44212699999999927058524917811155319213867187500000
6, 1, 30000, 30000, 30000, 65.44479699999999411375029012560844421386718750000000
6, 1, 30000, 30000, 30000, 61.49085000000000178488335222937166690826416015625000
6, 1, 30000, 30000, 30000, 60.71224300000000084764906205236911773681640625000000
6, 1, 30000, 30000, 30000, 62.68028300000000285763235297054052352905273437500000
7, 0, 30000, 30000, 30000, 42.24796099999999654528437531553208827972412109375000
7, 0, 30000, 30000, 30000, 43.25756899999999660622052033431828022003173828125000
7, 0, 30000, 30000, 30000, 42.60462900000000274758349405601620674133300781250000
7, 0, 30000, 30000, 30000, 42.50966700000000031423041946254670619964599609375000
7, 0, 30000, 30000, 30000, 42.42094600000000070849637268111109733581542968750000
7, 1, 30000, 30000, 30000, 61.11916999999999688952811993658542633056640625000000
7, 1, 30000, 30000, 30000, 61.53023199999999803821992827579379081726074218750000
7, 1, 30000, 30000, 30000, 63.70512099999999833244146429933607578277587890625000
7, 1, 30000, 30000, 30000, 64.72641600000000039472070056945085525512695312500000
7, 1, 30000, 30000, 30000, 64.23257599999999456485966220498085021972656250000000
8, 0, 30000, 30000, 30000, 42.47095700000000562113200430758297443389892578125000
8, 0, 30000, 30000, 30000, 43.15433199999999658302840543910861015319824218750000
8, 0, 30000, 30000, 30000, 43.88347399999999964848029776476323604583740234375000
8, 0, 30000, 30000, 30000, 43.80560599999999737974576419219374656677246093750000
8, 0, 30000, 30000, 30000, 42.82784500000000349473339156247675418853759765625000
8, 1, 30000, 30000, 30000, 60.92003100000000159752744366414844989776611328125000
8, 1, 30000, 30000, 30000, 64.18220599999999365081748692318797111511230468750000
8, 1, 30000, 30000, 30000, 60.62049100000000123600329970940947532653808593750000
8, 1, 30000, 30000, 30000, 65.45573899999999412102624773979187011718750000000000
8, 1, 30000, 30000, 30000, 61.16103300000000331237970385700464248657226562500000
9, 0, 30000, 30000, 30000, 43.45289700000000010504663805477321147918701171875000
9, 0, 30000, 30000, 30000, 43.66493700000000188765625352971255779266357421875000
9, 0, 30000, 30000, 30000, 42.34875999999999862666300032287836074829101562500000
9, 0, 30000, 30000, 30000, 42.84336799999999811916495673358440399169921875000000
9, 0, 30000, 30000, 30000, 42.81474000000000046384229790419340133666992187500000
9, 1, 30000, 30000, 30000, 61.16132300000000299178282148204743862152099609375000
9, 1, 30000, 30000, 30000, 61.04775899999999921874405117705464363098144531250000
9, 1, 30000, 30000, 30000, 64.37072499999999308784026652574539184570312500000000
9, 1, 30000, 30000, 30000, 60.52524300000000323507265420630574226379394531250000
9, 1, 30000, 30000, 30000, 60.89246899999999840247255633585155010223388671875000
10, 0, 30000, 30000, 30000, 49.62441900000000316595105687156319618225097656250000
10, 0, 30000, 30000, 30000, 47.08787399999999934152583591639995574951171875000000
10, 0, 30000, 30000, 30000, 42.88885400000000203135641640983521938323974609375000
10, 0, 30000, 30000, 30000, 42.24583700000000163754521054215729236602783203125000
10, 0, 30000, 30000, 30000, 44.94273599999999646570358891040086746215820312500000
10, 1, 30000, 30000, 30000, 65.87399100000000373711372958496212959289550781250000
10, 1, 30000, 30000, 30000, 63.45686200000000098953023552894592285156250000000000
10, 1, 30000, 30000, 30000, 60.95551400000000086265572463162243366241455078125000
10, 1, 30000, 30000, 30000, 66.59883899999999812280293554067611694335937500000000
10, 1, 30000, 30000, 30000, 61.80937000000000125510268844664096832275390625000000
11, 0, 30000, 30000, 30000, 42.71504999999999796500560478307306766510009765625000
11, 0, 30000, 30000, 30000, 51.32554300000000324644133797846734523773193359375000
11, 0, 30000, 30000, 30000, 48.72588199999999858391674933955073356628417968750000
11, 0, 30000, 30000, 30000, 42.24268899999999860028765397146344184875488281250000
11, 0, 30000, 30000, 30000, 43.75129400000000146064849104732275009155273437500000
11, 1, 30000, 30000, 30000, 100.45646899999999845931597519665956497192382812500000
11, 1, 30000, 30000, 30000, 111.70856299999999805550032760947942733764648437500000
11, 1, 30000, 30000, 30000, 60.67746100000000097907104645855724811553955078125000
11, 1, 30000, 30000, 30000, 64.53147400000000288855517283082008361816406250000000
11, 1, 30000, 30000, 30000, 61.01504900000000475301931146532297134399414062500000
12, 0, 30000, 30000, 30000, 42.45590800000000086811269284226000308990478515625000
12, 0, 30000, 30000, 30000, 44.25098599999999748888512840494513511657714843750000
12, 0, 30000, 30000, 30000, 42.50670300000000167983671417459845542907714843750000
12, 0, 30000, 30000, 30000, 53.92416400000000464842742076143622398376464843750000
12, 0, 30000, 30000, 30000, 42.39342899999999758620106149464845657348632812500000
12, 1, 30000, 30000, 30000, 66.85634000000000298769009532406926155090332031250000
12, 1, 30000, 30000, 30000, 60.73725900000000166301106219179928302764892578125000
12, 1, 30000, 30000, 30000, 60.91918700000000086447471403516829013824462890625000
12, 1, 30000, 30000, 30000, 60.85015400000000340696715284138917922973632812500000
12, 1, 30000, 30000, 30000, 64.86706900000000075579009717330336570739746093750000
13, 0, 30000, 30000, 30000, 45.68172299999999808051143190823495388031005859375000
13, 0, 30000, 30000, 30000, 42.64136899999999741339706815779209136962890625000000
13, 0, 30000, 30000, 30000, 49.92275899999999921874405117705464363098144531250000
13, 0, 30000, 30000, 30000, 47.90456700000000012096279533579945564270019531250000
13, 0, 30000, 30000, 30000, 45.85616300000000222780727199278771877288818359375000
13, 1, 30000, 30000, 30000, 112.23654200000000003001332515850663185119628906250000
13, 1, 30000, 30000, 30000, 60.85547600000000301179170492105185985565185546875000
13, 1, 30000, 30000, 30000, 60.63082699999999647388904122635722160339355468750000
13, 1, 30000, 30000, 30000, 61.31304800000000199133864953182637691497802734375000
13, 1, 30000, 30000, 30000, 67.56146099999999421470420202240347862243652343750000
14, 0, 30000, 30000, 30000, 42.41426299999999827150531928054988384246826171875000
14, 0, 30000, 30000, 30000, 64.11378499999999291958374669775366783142089843750000
14, 0, 30000, 30000, 30000, 48.77874800000000021782398107461631298065185546875000
14, 0, 30000, 30000, 30000, 89.07594000000000278305378742516040802001953125000000
14, 0, 30000, 30000, 30000, 43.08019800000000287809598376043140888214111328125000
14, 1, 30000, 30000, 30000, 65.28900899999999296596797648817300796508789062500000
14, 1, 30000, 30000, 30000, 80.37337100000000589261617278680205345153808593750000
14, 1, 30000, 30000, 30000, 60.97192700000000087356966105289757251739501953125000
14, 1, 30000, 30000, 30000, 60.99171799999999876717993174679577350616455078125000
14, 1, 30000, 30000, 30000, 66.32891700000000412273948313668370246887207031250000
15, 0, 30000, 30000, 30000, 51.90335499999999768760972074232995510101318359375000
15, 0, 30000, 30000, 30000, 42.34602600000000194313543033786118030548095703125000
15, 0, 30000, 30000, 30000, 44.73309100000000171348801814019680023193359375000000
15, 0, 30000, 30000, 30000, 55.95899099999999748433765489608049392700195312500000
15, 0, 30000, 30000, 30000, 42.38224199999999797228156239725649356842041015625000
15, 1, 30000, 30000, 30000, 148.63943599999998923522070981562137603759765625000000
15, 1, 30000, 30000, 30000, 66.26567400000000418458512285724282264709472656250000
15, 1, 30000, 30000, 30000, 60.33183799999999763485902803950011730194091796875000
15, 1, 30000, 30000, 30000, 61.81115799999999893543645157478749752044677734375000
15, 1, 30000, 30000, 30000, 100.62982399999999927331373328343033790588378906250000
16, 0, 30000, 30000, 30000, 43.03365300000000104319042293354868888854980468750000
16, 0, 30000, 30000, 30000, 43.20515999999999934289007796905934810638427734375000
16, 0, 30000, 30000, 30000, 43.28042399999999645388015778735280036926269531250000
16, 0, 30000, 30000, 30000, 52.77909799999999762576408102177083492279052734375000
16, 0, 30000, 30000, 30000, 75.39285999999999887677404331043362617492675781250000
16, 1, 30000, 30000, 30000, 94.94583000000000083673512563109397888183593750000000
16, 1, 30000, 30000, 30000, 133.37146899999999050123733468353748321533203125000000
16, 1, 30000, 30000, 30000, 61.11635499999999865394784137606620788574218750000000
16, 1, 30000, 30000, 30000, 79.03467100000000300497049465775489807128906250000000
16, 1, 30000, 30000, 30000, 63.08162300000000044519765651784837245941162109375000
17, 0, 30000, 30000, 30000, 66.27094700000000671025190968066453933715820312500000
17, 0, 30000, 30000, 30000, 46.25656099999999781857695779763162136077880859375000
17, 0, 30000, 30000, 30000, 47.96167799999999914462023298256099224090576171875000
17, 0, 30000, 30000, 30000, 54.48296700000000214458850678056478500366210937500000
17, 0, 30000, 30000, 30000, 72.40349899999999649935489287599921226501464843750000
17, 1, 30000, 30000, 30000, 62.32777800000000212321538128890097141265869140625000
17, 1, 30000, 30000, 30000, 73.82482100000000002637534635141491889953613281250000
17, 1, 30000, 30000, 30000, 62.69071799999999683450369047932326793670654296875000
17, 1, 30000, 30000, 30000, 80.89903200000000538238964509218931198120117187500000
17, 1, 30000, 30000, 30000, 81.90666699999999877945811022073030471801757812500000
18, 0, 30000, 30000, 30000, 42.93568799999999896499502938240766525268554687500000
18, 0, 30000, 30000, 30000, 68.78687299999999993360688677057623863220214843750000
18, 0, 30000, 30000, 30000, 48.91324099999999930332705844193696975708007812500000
18, 0, 30000, 30000, 30000, 75.14710999999999785359250381588935852050781250000000
18, 0, 30000, 30000, 30000, 59.49357200000000034378899727016687393188476562500000
18, 1, 30000, 30000, 30000, 64.91821299999999439478415297344326972961425781250000
18, 1, 30000, 30000, 30000, 70.33271200000000078489392763003706932067871093750000
18, 1, 30000, 30000, 30000, 93.97661300000000039744918467476963996887207031250000
18, 1, 30000, 30000, 30000, 123.60125200000000234012986766174435615539550781250000
18, 1, 30000, 30000, 30000, 99.56921200000000737873051548376679420471191406250000
19, 0, 30000, 30000, 30000, 44.91295499999999663032212993130087852478027343750000
19, 0, 30000, 30000, 30000, 43.67553199999999691272023483179509639739990234375000
19, 0, 30000, 30000, 30000, 43.75291800000000108639142126776278018951416015625000
19, 0, 30000, 30000, 30000, 43.70929399999999986903276294469833374023437500000000
19, 0, 30000, 30000, 30000, 44.77369300000000151840140460990369319915771484375000
19, 1, 30000, 30000, 30000, 63.83583399999999841156750335358083248138427734375000
19, 1, 30000, 30000, 30000, 64.21973099999999590181687381118535995483398437500000
19, 1, 30000, 30000, 30000, 64.83168000000000574800651520490646362304687500000000
19, 1, 30000, 30000, 30000, 64.20970499999999958617991069331765174865722656250000
19, 1, 30000, 30000, 30000, 64.29968999999999823558027856051921844482421875000000
4, 0, 30000, 30000, 30000, 44.48530800000000340332917403429746627807617187500000
4, 0, 30000, 30000, 30000, 42.86121099999999728424882050603628158569335937500000
4, 0, 30000, 30000, 30000, 43.38170199999999709916664869524538516998291015625000
4, 0, 30000, 30000, 30000, 44.47597600000000284126144833862781524658203125000000
4, 0, 30000, 30000, 30000, 43.53211100000000044474290916696190834045410156250000
4, 1, 30000, 30000, 30000, 63.48702800000000223690221901051700115203857421875000
4, 1, 30000, 30000, 30000, 67.45883800000000007912603905424475669860839843750000
4, 1, 30000, 30000, 30000, 64.83481500000000607997208135202527046203613281250000
4, 1, 30000, 30000, 30000, 64.51120799999999633200786774978041648864746093750000
4, 1, 30000, 30000, 30000, 62.89975400000000149702827911823987960815429687500000
5, 0, 30000, 30000, 30000, 52.41456600000000065620042732916772365570068359375000
5, 0, 30000, 30000, 30000, 42.68547699999999878173184697516262531280517578125000
5, 0, 30000, 30000, 30000, 43.15999399999999752708390587940812110900878906250000
5, 0, 30000, 30000, 30000, 43.84385799999999733245203970000147819519042968750000
5, 0, 30000, 30000, 30000, 43.36189399999999949386619846336543560028076171875000
5, 1, 30000, 30000, 30000, 63.53815999999999775127434986643493175506591796875000
5, 1, 30000, 30000, 30000, 60.78035200000000060072125052101910114288330078125000
5, 1, 30000, 30000, 30000, 63.74590800000000001546140993013978004455566406250000
5, 1, 30000, 30000, 30000, 64.51802499999999440660758409649133682250976562500000
5, 1, 30000, 30000, 30000, 63.97814100000000081536200013943016529083251953125000
6, 0, 30000, 30000, 30000, 42.60820199999999857709553907625377178192138671875000
6, 0, 30000, 30000, 30000, 42.35431100000000270711097982712090015411376953125000
6, 0, 30000, 30000, 30000, 42.31101100000000059253579820506274700164794921875000
6, 0, 30000, 30000, 30000, 42.94865899999999925285010249353945255279541015625000
6, 0, 30000, 30000, 30000, 43.75572700000000025966073735617101192474365234375000
6, 1, 30000, 30000, 30000, 63.53445599999999870988176553510129451751708984375000
6, 1, 30000, 30000, 30000, 60.87461100000000158161128638312220573425292968750000
6, 1, 30000, 30000, 30000, 66.96799799999999436295183841139078140258789062500000
6, 1, 30000, 30000, 30000, 67.33518599999999310057319235056638717651367187500000
6, 1, 30000, 30000, 30000, 61.32860000000000155750967678613960742950439453125000
7, 0, 30000, 30000, 30000, 43.80502500000000054569682106375694274902343750000000
7, 0, 30000, 30000, 30000, 42.44874200000000286081558442674577236175537109375000
7, 0, 30000, 30000, 30000, 42.48511599999999788224158692173659801483154296875000
7, 0, 30000, 30000, 30000, 43.46789299999999656165527994744479656219482421875000
7, 0, 30000, 30000, 30000, 42.54012900000000030331648304127156734466552734375000
7, 1, 30000, 30000, 30000, 60.78036900000000031241143005900084972381591796875000
7, 1, 30000, 30000, 30000, 61.22510900000000333420757669955492019653320312500000
7, 1, 30000, 30000, 30000, 64.91427600000000097679730970412492752075195312500000
7, 1, 30000, 30000, 30000, 60.62487200000000342470229952596127986907958984375000
7, 1, 30000, 30000, 30000, 60.77147699999999730380295659415423870086669921875000
8, 0, 30000, 30000, 30000, 42.34148700000000076215656008571386337280273437500000
8, 0, 30000, 30000, 30000, 42.70705999999999846750142751261591911315917968750000
8, 0, 30000, 30000, 30000, 42.37978300000000331237970385700464248657226562500000
8, 0, 30000, 30000, 30000, 43.12456499999999692818164476193487644195556640625000
8, 0, 30000, 30000, 30000, 42.22287899999999893907443038187921047210693359375000
8, 1, 30000, 30000, 30000, 61.29276200000000329737304127775132656097412109375000
8, 1, 30000, 30000, 30000, 70.04135999999999739884515292942523956298828125000000
8, 1, 30000, 30000, 30000, 60.94530499999999761939761810936033725738525390625000
8, 1, 30000, 30000, 30000, 61.34669000000000238514985539950430393218994140625000
8, 1, 30000, 30000, 30000, 64.30761700000000757881934987381100654602050781250000
9, 0, 30000, 30000, 30000, 42.31629499999999666215444449335336685180664062500000
9, 0, 30000, 30000, 30000, 43.19145699999999976625986164435744285583496093750000
9, 0, 30000, 30000, 30000, 42.50178300000000319869286613538861274719238281250000
9, 0, 30000, 30000, 30000, 44.19924300000000272348188445903360843658447265625000
9, 0, 30000, 30000, 30000, 44.96619700000000108275344246067106723785400390625000
9, 1, 30000, 30000, 30000, 61.09897600000000039699443732388317584991455078125000
9, 1, 30000, 30000, 30000, 60.33417500000000188720150617882609367370605468750000
9, 1, 30000, 30000, 30000, 60.94304000000000343106876243837177753448486328125000
9, 1, 30000, 30000, 30000, 63.98140800000000183445081347599625587463378906250000
9, 1, 30000, 30000, 30000, 60.87486499999999978172127157449722290039062500000000
10, 0, 30000, 30000, 30000, 42.31224799999999675037543056532740592956542968750000
10, 0, 30000, 30000, 30000, 44.34464200000000033696778700686991214752197265625000
10, 0, 30000, 30000, 30000, 42.20745099999999894180291448719799518585205078125000
10, 0, 30000, 30000, 30000, 42.59868300000000118643583846278488636016845703125000
10, 0, 30000, 30000, 30000, 42.83735599999999976716935634613037109375000000000000
10, 1, 30000, 30000, 30000, 64.32721800000000200725480681285262107849121093750000
10, 1, 30000, 30000, 30000, 65.07212400000000229738361667841672897338867187500000
10, 1, 30000, 30000, 30000, 61.07040899999999794545146869495511054992675781250000
10, 1, 30000, 30000, 30000, 68.61045699999999669671524316072463989257812500000000
10, 1, 30000, 30000, 30000, 60.75182800000000327145244227722287178039550781250000
11, 0, 30000, 30000, 30000, 43.18125500000000016598278307355940341949462890625000
11, 0, 30000, 30000, 30000, 42.54127600000000342106432071886956691741943359375000
11, 0, 30000, 30000, 30000, 43.15833899999999800911609781906008720397949218750000
11, 0, 30000, 30000, 30000, 43.04683500000000151430867845192551612854003906250000
11, 0, 30000, 30000, 30000, 44.04090300000000013369572116062045097351074218750000
11, 1, 30000, 30000, 30000, 60.87597300000000188902049558237195014953613281250000
11, 1, 30000, 30000, 30000, 61.32236100000000078580342233180999755859375000000000
11, 1, 30000, 30000, 30000, 64.92385500000000320142135024070739746093750000000000
11, 1, 30000, 30000, 30000, 65.44273200000000656473275739699602127075195312500000
11, 1, 30000, 30000, 30000, 61.36499200000000087129592429846525192260742187500000
12, 0, 30000, 30000, 30000, 45.91998099999999993769961292855441570281982421875000
12, 0, 30000, 30000, 30000, 45.23660600000000187037585419602692127227783203125000
12, 0, 30000, 30000, 30000, 47.31085499999999655074134352616965770721435546875000
12, 0, 30000, 30000, 30000, 42.20916799999999824422047822736203670501708984375000
12, 0, 30000, 30000, 30000, 42.17690400000000039426595321856439113616943359375000
12, 1, 30000, 30000, 30000, 61.25910900000000225418261834420263767242431640625000
12, 1, 30000, 30000, 30000, 63.78130099999999913507053861394524574279785156250000
12, 1, 30000, 30000, 30000, 60.57335299999999733699951320886611938476562500000000
12, 1, 30000, 30000, 30000, 62.05190999999999945657691569067537784576416015625000
12, 1, 30000, 30000, 30000, 60.58405700000000138061295729130506515502929687500000
13, 0, 30000, 30000, 30000, 44.18692000000000064119376474991440773010253906250000
13, 0, 30000, 30000, 30000, 42.46547699999999991860022419132292270660400390625000
13, 0, 30000, 30000, 30000, 53.00137900000000001909938873723149299621582031250000
13, 0, 30000, 30000, 30000, 43.66380000000000194404492503963410854339599609375000
13, 0, 30000, 30000, 30000, 57.47266700000000128056854009628295898437500000000000
13, 1, 30000, 30000, 30000, 99.57149599999999622923496644943952560424804687500000
13, 1, 30000, 30000, 30000, 69.84307499999999890860635787248611450195312500000000
13, 1, 30000, 30000, 30000, 60.99929399999999901638148003257811069488525390625000
13, 1, 30000, 30000, 30000, 61.00453100000000006275513442233204841613769531250000
13, 1, 30000, 30000, 30000, 60.57951700000000272439137916080653667449951171875000
14, 0, 30000, 30000, 30000, 42.73759799999999842157194507308304309844970703125000
14, 0, 30000, 30000, 30000, 64.61310199999999781539372634142637252807617187500000
14, 0, 30000, 30000, 30000, 43.12511800000000050658854888752102851867675781250000
14, 0, 30000, 30000, 30000, 45.50254999999999938609107630327343940734863281250000
14, 0, 30000, 30000, 30000, 42.22579600000000255022314377129077911376953125000000
14, 1, 30000, 30000, 30000, 77.17528299999999319425114663317799568176269531250000
14, 1, 30000, 30000, 30000, 112.94946699999999850660969968885183334350585937500000
14, 1, 30000, 30000, 30000, 61.73350899999999796818883623927831649780273437500000
14, 1, 30000, 30000, 30000, 83.29961600000000032650859793648123741149902343750000
14, 1, 30000, 30000, 30000, 65.44983899999999721330823376774787902832031250000000
15, 0, 30000, 30000, 30000, 42.37546199999999885221768636256456375122070312500000
15, 0, 30000, 30000, 30000, 42.28251099999999951251083984971046447753906250000000
15, 0, 30000, 30000, 30000, 42.33902899999999647207005182281136512756347656250000
15, 0, 30000, 30000, 30000, 42.27103199999999816327544976957142353057861328125000
15, 0, 30000, 30000, 30000, 57.28592700000000093041307991370558738708496093750000
15, 1, 30000, 30000, 30000, 60.81124899999999655619831173680722713470458984375000
15, 1, 30000, 30000, 30000, 60.73097700000000287445800495333969593048095703125000
15, 1, 30000, 30000, 30000, 65.49115000000000463842297904193401336669921875000000
15, 1, 30000, 30000, 30000, 92.72577800000000536329025635495781898498535156250000
15, 1, 30000, 30000, 30000, 65.18764000000000180534698301926255226135253906250000
16, 0, 30000, 30000, 30000, 55.12177700000000157842805492691695690155029296875000
16, 0, 30000, 30000, 30000, 71.60369699999999681949702790006995201110839843750000
16, 0, 30000, 30000, 30000, 50.25101999999999691226548748090863227844238281250000
16, 0, 30000, 30000, 30000, 44.59642099999999942383510642684996128082275390625000
16, 0, 30000, 30000, 30000, 42.98417899999999747251422377303242683410644531250000
16, 1, 30000, 30000, 30000, 61.07265399999999999636202119290828704833984375000000
16, 1, 30000, 30000, 30000, 62.77893199999999751526047475636005401611328125000000
16, 1, 30000, 30000, 30000, 82.51756500000000471573002869263291358947753906250000
16, 1, 30000, 30000, 30000, 76.44132199999999954798113321885466575622558593750000
16, 1, 30000, 30000, 30000, 61.75820800000000332374838762916624546051025390625000
17, 0, 30000, 30000, 30000, 58.24294499999999885631041252054274082183837890625000
17, 0, 30000, 30000, 30000, 54.12533899999999675856088288128376007080078125000000
17, 0, 30000, 30000, 30000, 42.54906400000000132877175929024815559387207031250000
17, 0, 30000, 30000, 30000, 70.26576599999999928058969089761376380920410156250000
17, 0, 30000, 30000, 30000, 59.43717399999999884130374994128942489624023437500000
17, 1, 30000, 30000, 30000, 62.79818399999999911642589722760021686553955078125000
17, 1, 30000, 30000, 30000, 62.35401999999999844703779672272503376007080078125000
17, 1, 30000, 30000, 30000, 103.12491599999999891679181018844246864318847656250000
17, 1, 30000, 30000, 30000, 68.03789299999999684587237425148487091064453125000000
17, 1, 30000, 30000, 30000, 103.52288900000000637646735412999987602233886718750000
18, 0, 30000, 30000, 30000, 52.17739600000000166346580954268574714660644531250000
18, 0, 30000, 30000, 30000, 76.09882799999999747342371847480535507202148437500000
18, 0, 30000, 30000, 30000, 45.55783799999999672536432626657187938690185546875000
18, 0, 30000, 30000, 30000, 46.85663699999999920464688329957425594329833984375000
18, 0, 30000, 30000, 30000, 66.27230799999999533156369579955935478210449218750000
18, 1, 30000, 30000, 30000, 62.98605899999999735427991254255175590515136718750000
18, 1, 30000, 30000, 30000, 88.95207899999999767715053167194128036499023437500000
18, 1, 30000, 30000, 30000, 104.01757600000000536510924575850367546081542968750000
18, 1, 30000, 30000, 30000, 77.01574200000000303134584100916981697082519531250000
18, 1, 30000, 30000, 30000, 122.67660700000000417730916524305939674377441406250000
19, 0, 30000, 30000, 30000, 43.45912599999999770261638332158327102661132812500000
19, 0, 30000, 30000, 30000, 45.38420899999999846841092221438884735107421875000000
19, 0, 30000, 30000, 30000, 67.50849300000000141608325066044926643371582031250000
19, 0, 30000, 30000, 30000, 66.13075000000000613908923696726560592651367187500000
19, 0, 30000, 30000, 30000, 70.05880799999999908322934061288833618164062500000000
19, 1, 30000, 30000, 30000, 69.65475000000000704858393874019384384155273437500000
19, 1, 30000, 30000, 30000, 75.58206400000000257932697422802448272705078125000000
19, 1, 30000, 30000, 30000, 72.34173400000000242471287492662668228149414062500000
19, 1, 30000, 30000, 30000, 63.01801400000000086265572463162243366241455078125000
19, 1, 30000, 30000, 30000, 65.38572999999999524334270972758531570434570312500000
20, 0, 30000, 30000, 30000, 44.82304299999999841475073480978608131408691406250000
20, 0, 30000, 30000, 30000, 43.62848799999999727106114733032882213592529296875000
20, 0, 30000, 30000, 30000, 43.75059300000000206409822567366063594818115234375000
20, 0, 30000, 30000, 30000, 43.74218299999999715055309934541583061218261718750000
20, 0, 30000, 30000, 30000, 44.04395900000000096952135208994150161743164062500000
20, 1, 30000, 30000, 30000, 64.06488299999999469491740455850958824157714843750000
20, 1, 30000, 30000, 30000, 65.70551399999999375722836703062057495117187500000000
20, 1, 30000, 30000, 30000, 63.82583799999999740748535259626805782318115234375000
20, 1, 30000, 30000, 30000, 64.16330000000000666204869048669934272766113281250000
20, 1, 30000, 30000, 30000, 64.81858800000000542240741197019815444946289062500000
5, 0, 30000, 30000, 30000, 42.60494700000000278805600828491151332855224609375000
5, 0, 30000, 30000, 30000, 42.57143500000000102545527624897658824920654296875000
5, 0, 30000, 30000, 30000, 43.27295900000000017371348803862929344177246093750000
5, 0, 30000, 30000, 30000, 44.14142999999999972260411595925688743591308593750000
5, 0, 30000, 30000, 30000, 43.28479200000000304271452478133141994476318359375000
5, 1, 30000, 30000, 30000, 61.35968900000000303407432511448860168457031250000000
5, 1, 30000, 30000, 30000, 68.10394200000000353156792698428034782409667968750000
5, 1, 30000, 30000, 30000, 63.66420399999999801821104483678936958312988281250000
5, 1, 30000, 30000, 30000, 64.82518299999999555893737124279141426086425781250000
5, 1, 30000, 30000, 30000, 65.41016600000000380532583221793174743652343750000000
6, 0, 30000, 30000, 30000, 43.41420399999999801821104483678936958312988281250000
6, 0, 30000, 30000, 30000, 44.12809099999999773444869788363575935363769531250000
6, 0, 30000, 30000, 30000, 42.72026799999999724377630627714097499847412109375000
6, 0, 30000, 30000, 30000, 43.23426400000000313639247906394302845001220703125000
6, 0, 30000, 30000, 30000, 42.98304300000000210957296076230704784393310546875000
6, 1, 30000, 30000, 30000, 60.76360400000000083764462033286690711975097656250000
6, 1, 30000, 30000, 30000, 64.92198000000000490672391606494784355163574218750000
6, 1, 30000, 30000, 30000, 64.53374200000000371346686733886599540710449218750000
6, 1, 30000, 30000, 30000, 64.96171900000000221098162000998854637145996093750000
6, 1, 30000, 30000, 30000, 64.46421700000000498675944982096552848815917968750000
7, 0, 30000, 30000, 30000, 43.03125800000000111822373582981526851654052734375000
7, 0, 30000, 30000, 30000, 42.54803600000000329828253597952425479888916015625000
7, 0, 30000, 30000, 30000, 42.49150099999999952160578686743974685668945312500000
7, 0, 30000, 30000, 30000, 42.26920299999999741658029961399734020233154296875000
7, 0, 30000, 30000, 30000, 42.60546899999999936881067696958780288696289062500000
7, 1, 30000, 30000, 30000, 64.33829099999999812098394613713026046752929687500000
7, 1, 30000, 30000, 30000, 60.87815499999999957481122692115604877471923828125000
7, 1, 30000, 30000, 30000, 60.58252499999999685087459511123597621917724609375000
7, 1, 30000, 30000, 30000, 60.69077500000000213731254916638135910034179687500000
7, 1, 30000, 30000, 30000, 63.51196500000000355612428393214941024780273437500000
8, 0, 30000, 30000, 30000, 42.14064499999999924284566077403724193572998046875000
8, 0, 30000, 30000, 30000, 42.42881100000000316185833071358501911163330078125000
8, 0, 30000, 30000, 30000, 44.58459299999999814190232427790760993957519531250000
8, 0, 30000, 30000, 30000, 43.07395499999999799456418259069323539733886718750000
8, 0, 30000, 30000, 30000, 44.29233800000000087493390310555696487426757812500000
8, 1, 30000, 30000, 30000, 64.04606099999999457850208273157477378845214843750000
8, 1, 30000, 30000, 30000, 60.64755099999999998772182152606546878814697265625000
8, 1, 30000, 30000, 30000, 61.20349000000000216914486372843384742736816406250000
8, 1, 30000, 30000, 30000, 60.33141799999999932424543658271431922912597656250000
8, 1, 30000, 30000, 30000, 63.70481699999999847250364837236702442169189453125000
9, 0, 30000, 30000, 30000, 42.51952800000000110003384179435670375823974609375000
9, 0, 30000, 30000, 30000, 44.25175399999999825695340405218303203582763671875000
9, 0, 30000, 30000, 30000, 55.28114500000000219870344153605401515960693359375000
9, 0, 30000, 30000, 30000, 42.44866400000000083991835708729922771453857421875000
9, 0, 30000, 30000, 30000, 43.07950799999999702549757785163819789886474609375000
9, 1, 30000, 30000, 30000, 63.96366799999999841475073480978608131408691406250000
9, 1, 30000, 30000, 30000, 61.52122700000000321551851811818778514862060546875000
9, 1, 30000, 30000, 30000, 61.58683500000000066165739553980529308319091796875000
9, 1, 30000, 30000, 30000, 60.69128299999999853753251954913139343261718750000000
9, 1, 30000, 30000, 30000, 60.50232599999999649753590347245335578918457031250000
10, 0, 30000, 30000, 30000, 43.55294399999999654937710147351026535034179687500000
10, 0, 30000, 30000, 30000, 42.81743999999999772398950881324708461761474609375000
10, 0, 30000, 30000, 30000, 42.54651199999999988676790962927043437957763671875000
10, 0, 30000, 30000, 30000, 42.66848699999999894316715653985738754272460937500000
10, 0, 30000, 30000, 30000, 43.02528699999999872716216486878693103790283203125000
10, 1, 30000, 30000, 30000, 65.13075299999999856481736060231924057006835937500000
10, 1, 30000, 30000, 30000, 61.01364399999999932333594188094139099121093750000000
10, 1, 30000, 30000, 30000, 63.68229600000000090176399680785834789276123046875000
10, 1, 30000, 30000, 30000, 60.18800799999999640021997038275003433227539062500000
10, 1, 30000, 30000, 30000, 60.71841500000000024783730623312294483184814453125000
11, 0, 30000, 30000, 30000, 42.71239800000000030877345125190913677215576171875000
11, 0, 30000, 30000, 30000, 42.57311600000000595400706515647470951080322265625000
11, 0, 30000, 30000, 30000, 42.55335399999999879128154134377837181091308593750000
11, 0, 30000, 30000, 30000, 42.55572099999999835517883184365928173065185546875000
11, 0, 30000, 30000, 30000, 42.70712600000000236377672990784049034118652343750000
11, 1, 30000, 30000, 30000, 65.30947100000000205000105779618024826049804687500000
11, 1, 30000, 30000, 30000, 72.69848000000000354248186340555548667907714843750000
11, 1, 30000, 30000, 30000, 64.05263800000000173895386978983879089355468750000000
11, 1, 30000, 30000, 30000, 60.62312000000000011823431123048067092895507812500000
11, 1, 30000, 30000, 30000, 99.11851500000000214640749618411064147949218750000000
12, 0, 30000, 30000, 30000, 42.04630099999999970350472722202539443969726562500000
12, 0, 30000, 30000, 30000, 44.44425199999999875899447943083941936492919921875000
12, 0, 30000, 30000, 30000, 42.50583199999999806095729582011699676513671875000000
12, 0, 30000, 30000, 30000, 45.84836099999999703413777751848101615905761718750000
12, 0, 30000, 30000, 30000, 42.65001500000000334011929226107895374298095703125000
12, 1, 30000, 30000, 30000, 60.87736300000000255749910138547420501708984375000000
12, 1, 30000, 30000, 30000, 60.61183299999999718465915066190063953399658203125000
12, 1, 30000, 30000, 30000, 64.82943000000000211002770811319351196289062500000000
12, 1, 30000, 30000, 30000, 60.49953699999999656711224815808236598968505859375000
12, 1, 30000, 30000, 30000, 61.61194299999999657302396371960639953613281250000000
13, 0, 30000, 30000, 30000, 42.76993300000000175487002707086503505706787109375000
13, 0, 30000, 30000, 30000, 43.34806900000000240424924413673579692840576171875000
