2;0,20817399999999999793409699577750870957970619201660;50,00000000000000000000000000000000000000000000000000;1
2;0,15529899999999999260502647757675731554627418518066;50,00000000000000000000000000000000000000000000000000;1
2;0,15623500000000001275424210689379833638668060302734;50,00000000000000000000000000000000000000000000000000;1
2;0,15354599999999998805044754135451512411236763000488;50,00000000000000000000000000000000000000000000000000;2
2;0,15518299999999998761701647254085401073098182678223;50,00000000000000000000000000000000000000000000000000;2
2;0,15424799999999999622346535943506751209497451782227;50,00000000000000000000000000000000000000000000000000;2
2;0,15674299999999999344346690577367553487420082092285;50,00000000000000000000000000000000000000000000000000;4
2;0,16466200000000000280842016309179598465561866760254;50,00000000000000000000000000000000000000000000000000;4
2;0,15316699999999999759481283945206087082624435424805;50,00000000000000000000000000000000000000000000000000;4
2;0,15468599999999999017319396443781442940235137939453;50,00000000000000000000000000000000000000000000000000;8
2;0,15362899999999998779109944280207855626940727233887;50,00000000000000000000000000000000000000000000000000;8
2;0,15368599999999998928501554473768919706344604492188;50,00000000000000000000000000000000000000000000000000;8
2;0,15607499999999999151789609186380403116345405578613;50,00000000000000000000000000000000000000000000000000;10
2;0,15493399999999998839506076819816371425986289978027;50,00000000000000000000000000000000000000000000000000;10
2;0,15471499999999999142019646569679025560617446899414;50,00000000000000000000000000000000000000000000000000;10
2;0,15357100000000001305267005591304041445255279541016;50,00000000000000000000000000000000000000000000000000;20
2;0,15382799999999999251976134928554529324173927307129;50,00000000000000000000000000000000000000000000000000;20
2;0,15297099999999999586641763471561716869473457336426;50,00000000000000000000000000000000000000000000000000;20
2;0,15607599999999999251798499244614504277706146240234;100,00000000000000000000000000000000000000000000000000;1
2;0,15339099999999999957012164486513938754796981811523;100,00000000000000000000000000000000000000000000000000;1
2;0,15467900000000001092814727599034085869789123535156;100,00000000000000000000000000000000000000000000000000;1
2;0,15423600000000001197797416807588888332247734069824;100,00000000000000000000000000000000000000000000000000;2
2;0,15352399999999999380406734417192637920379638671875;100,00000000000000000000000000000000000000000000000000;2
2;0,15715199999999998614619300951744662597775459289551;100,00000000000000000000000000000000000000000000000000;2
2;0,15394800000000000150812695665081264451146125793457;100,00000000000000000000000000000000000000000000000000;4
2;0,15605700000000000127187149701057933270931243896484;100,00000000000000000000000000000000000000000000000000;4
2;0,15393399999999998750688234849803848192095756530762;100,00000000000000000000000000000000000000000000000000;4
2;0,15324799999999999533528693973494227975606918334961;100,00000000000000000000000000000000000000000000000000;8
2;0,15443000000000001170619157164765056222677230834961;100,00000000000000000000000000000000000000000000000000;8
2;0,15356300000000000505195885125431232154369354248047;100,00000000000000000000000000000000000000000000000000;8
2;0,15378000000000000002664535259100375697016716003418;100,00000000000000000000000000000000000000000000000000;10
2;0,16068899999999999850253118438558885827660560607910;100,00000000000000000000000000000000000000000000000000;10
2;0,15421799999999999397637395759375067427754402160645;100,00000000000000000000000000000000000000000000000000;10
2;0,15349799999999999555733154465997358784079551696777;100,00000000000000000000000000000000000000000000000000;20
2;0,15324599999999999333510913857026025652885437011719;100,00000000000000000000000000000000000000000000000000;20
2;0,15361800000000000454569715202524093911051750183105;100,00000000000000000000000000000000000000000000000000;20
2;0,15396999999999999575450715383340138942003250122070;100,00000000000000000000000000000000000000000000000000;50
2;0,15369199999999999528554894823173526674509048461914;100,00000000000000000000000000000000000000000000000000;50
2;0,16612799999999999789324078847130294889211654663086;100,00000000000000000000000000000000000000000000000000;50
2;0,16301899999999999724131782841141102835536003112793;1000,00000000000000000000000000000000000000000000000000;1
2;0,16267400000000001303313013067963765934109687805176;1000,00000000000000000000000000000000000000000000000000;1
2;0,16227499999999994706456618587253615260124206542969;1000,00000000000000000000000000000000000000000000000000;1
2;0,16201899999999999635313940871128579601645469665527;1000,00000000000000000000000000000000000000000000000000;2
2;0,16187499999999999111821580299874767661094665527344;1000,00000000000000000000000000000000000000000000000000;2
2;0,16208700000000000884803341705264756456017494201660;1000,00000000000000000000000000000000000000000000000000;2
2;0,16191300000000000136601840949879260733723640441895;1000,00000000000000000000000000000000000000000000000000;4
2;0,16259599999999999053734711651486577466130256652832;1000,00000000000000000000000000000000000000000000000000;4
2;0,16226299999999999057465061014227103441953659057617;1000,00000000000000000000000000000000000000000000000000;4
2;0,16243600000000002481215233274269849061965942382812;1000,00000000000000000000000000000000000000000000000000;8
2;0,16253100000000000879829542554944055154919624328613;1000,00000000000000000000000000000000000000000000000000;8
2;0,16256399999999998629007791350886691361665725708008;1000,00000000000000000000000000000000000000000000000000;8
2;0,16234499999999998931521361100749345496296882629395;1000,00000000000000000000000000000000000000000000000000;10
2;0,16249499999999994503951938895625062286853790283203;1000,00000000000000000000000000000000000000000000000000;10
2;0,16157499999999999640287740021449280902743339538574;1000,00000000000000000000000000000000000000000000000000;10
2;0,16219500000000000583533221742982277646660804748535;1000,00000000000000000000000000000000000000000000000000;20
2;0,16384499999999999064748124055768130347132682800293;1000,00000000000000000000000000000000000000000000000000;20
2;0,16676899999999994506083567102905362844467163085938;1000,00000000000000000000000000000000000000000000000000;20
2;0,16258300000000000529176702457334613427519798278809;1000,00000000000000000000000000000000000000000000000000;50
2;0,17067399999999999238298187265172600746154785156250;1000,00000000000000000000000000000000000000000000000000;50
2;0,16346099999999999519140203574352199211716651916504;1000,00000000000000000000000000000000000000000000000000;50
2;0,16612599999999999589306298730662092566490173339844;1000,00000000000000000000000000000000000000000000000000;100
2;0,16240199999999999080912971294310409575700759887695;1000,00000000000000000000000000000000000000000000000000;100
2;0,16178600000000001313260611368605168536305427551270;1000,00000000000000000000000000000000000000000000000000;100
2;0,16404599999999999737632094820583006367087364196777;1000,00000000000000000000000000000000000000000000000000;500
2;0,16305000000000000048849813083506887778639793395996;1000,00000000000000000000000000000000000000000000000000;500
2;0,16254199999999999204369771632627816870808601379395;1000,00000000000000000000000000000000000000000000000000;500
2;0,36708299999999999263522454384656157344579696655273;5000,00000000000000000000000000000000000000000000000000;1
2;0,36742900000000006111022798904741648584604263305664;5000,00000000000000000000000000000000000000000000000000;1
2;0,36950100000000002387068320786056574434041976928711;5000,00000000000000000000000000000000000000000000000000;1
2;0,37140499999999998514965682261390611529350280761719;5000,00000000000000000000000000000000000000000000000000;2
2;0,36895699999999997942268237238749861717224121093750;5000,00000000000000000000000000000000000000000000000000;2
2;0,37066799999999999748467871540924534201622009277344;5000,00000000000000000000000000000000000000000000000000;2
2;0,37595200000000000839506242300558369606733322143555;5000,00000000000000000000000000000000000000000000000000;4
2;0,36914999999999997815081087537691928446292877197266;5000,00000000000000000000000000000000000000000000000000;4
2;0,37674600000000002530953224777476862072944641113281;5000,00000000000000000000000000000000000000000000000000;4
2;0,36817400000000000126476606965297833085060119628906;5000,00000000000000000000000000000000000000000000000000;8
2;0,36837100000000000399325017497176304459571838378906;5000,00000000000000000000000000000000000000000000000000;8
2;0,37307699999999999196376165855326689779758453369141;5000,00000000000000000000000000000000000000000000000000;8
2;0,37458700000000000329691829392686486244201660156250;5000,00000000000000000000000000000000000000000000000000;10
2;0,36874299999999998744826257279783021658658981323242;5000,00000000000000000000000000000000000000000000000000;10
2;0,36565700000000000979838432613178156316280364990234;5000,00000000000000000000000000000000000000000000000000;10
2;0,37178200000000000136068933898059185594320297241211;5000,00000000000000000000000000000000000000000000000000;20
2;0,37480400000000002602718041089246980845928192138672;5000,00000000000000000000000000000000000000000000000000;20
2;0,37172100000000002362199325034453067928552627563477;5000,00000000000000000000000000000000000000000000000000;20
2;0,36962799999999995659294427241547964513301849365234;5000,00000000000000000000000000000000000000000000000000;50
2;0,36917899999999997939781337663589511066675186157227;5000,00000000000000000000000000000000000000000000000000;50
2;0,36953300000000000036237679523765109479427337646484;5000,00000000000000000000000000000000000000000000000000;50
2;0,36755599999999999383248905360233038663864135742188;5000,00000000000000000000000000000000000000000000000000;100
2;0,37023700000000003829114803011179901659488677978516;5000,00000000000000000000000000000000000000000000000000;100
2;0,36773000000000000131450406115618534386157989501953;5000,00000000000000000000000000000000000000000000000000;100
2;0,37293200000000004123990038351621478796005249023438;5000,00000000000000000000000000000000000000000000000000;500
2;0,37832199999999999162625385906721930950880050659180;5000,00000000000000000000000000000000000000000000000000;500
2;0,37776200000000004219913307679235003888607025146484;5000,00000000000000000000000000000000000000000000000000;500
2;0,37084299999999997821120700791652780026197433471680;5000,00000000000000000000000000000000000000000000000000;1000
2;0,37027699999999996727240159088978543877601623535156;5000,00000000000000000000000000000000000000000000000000;1000
2;0,37051499999999998324895500445563811808824539184570;5000,00000000000000000000000000000000000000000000000000;1000
2;1,00471899999999991770494034426519647240638732910156;10000,00000000000000000000000000000000000000000000000000;1
2;1,00105500000000002813749233609996736049652099609375;10000,00000000000000000000000000000000000000000000000000;1
2;1,00692500000000006998845947236986830830574035644531;10000,00000000000000000000000000000000000000000000000000;1
2;1,00703800000000009973177839128766208887100219726562;10000,00000000000000000000000000000000000000000000000000;2
2;1,01019100000000006112088613008381798863410949707031;10000,00000000000000000000000000000000000000000000000000;2
2;1,00314499999999995338839653413742780685424804687500;10000,00000000000000000000000000000000000000000000000000;2
2;1,00277400000000005420019988378044217824935913085938;10000,00000000000000000000000000000000000000000000000000;4
2;1,00973599999999996690291936829453334212303161621094;10000,00000000000000000000000000000000000000000000000000;4
2;1,00811500000000009436007530894130468368530273437500;10000,00000000000000000000000000000000000000000000000000;4
2;1,00368699999999999583621956844581291079521179199219;10000,00000000000000000000000000000000000000000000000000;8
2;1,00388499999999991629806572746019810438156127929688;10000,00000000000000000000000000000000000000000000000000;8
2;1,00012600000000007050005024211714044213294982910156;10000,00000000000000000000000000000000000000000000000000;8
2;0,99360000000000003872457909892546012997627258300781;10000,00000000000000000000000000000000000000000000000000;10
2;1,00409299999999990227195212355582043528556823730469;10000,00000000000000000000000000000000000000000000000000;10
2;1,00140999999999991132426657713949680328369140625000;10000,00000000000000000000000000000000000000000000000000;10
2;1,00599299999999991506172136723762378096580505371094;10000,00000000000000000000000000000000000000000000000000;20
2;1,00880700000000000926547727431170642375946044921875;10000,00000000000000000000000000000000000000000000000000;20
2;0,99921099999999996033039906251360662281513214111328;10000,00000000000000000000000000000000000000000000000000;20
2;0,99457799999999996209965047455625608563423156738281;10000,00000000000000000000000000000000000000000000000000;50
2;1,03186899999999992516563906974624842405319213867188;10000,00000000000000000000000000000000000000000000000000;50
2;1,04888599999999998502175913017708808183670043945312;10000,00000000000000000000000000000000000000000000000000;50
2;1,00658099999999994800248259707586839795112609863281;10000,00000000000000000000000000000000000000000000000000;100
2;0,99079499999999998127719891272136010229587554931641;10000,00000000000000000000000000000000000000000000000000;100
2;0,99967600000000000903810359886847436428070068359375;10000,00000000000000000000000000000000000000000000000000;100
2;1,00311200000000000365218966180691495537757873535156;10000,00000000000000000000000000000000000000000000000000;500
2;0,99824000000000001620037437533028423786163330078125;10000,00000000000000000000000000000000000000000000000000;500
2;1,00484499999999998820499058638233691453933715820312;10000,00000000000000000000000000000000000000000000000000;500
2;0,99786099999999999798916405779891647398471832275391;10000,00000000000000000000000000000000000000000000000000;1000
2;1,00313399999999997014299424336059018969535827636719;10000,00000000000000000000000000000000000000000000000000;1000
2;0,99713700000000005108091727379360236227512359619141;10000,00000000000000000000000000000000000000000000000000;1000
2;21,26704399999999850479071028530597686767578125000000;50000,00000000000000000000000000000000000000000000000000;1
2;21,27093899999999848660081624984741210937500000000000;50000,00000000000000000000000000000000000000000000000000;1
2;20,75680099999999939086592348758131265640258789062500;50000,00000000000000000000000000000000000000000000000000;1
2;20,88238300000000080558493209537118673324584960937500;50000,00000000000000000000000000000000000000000000000000;2
2;20,81736199999999925580596027430146932601928710937500;50000,00000000000000000000000000000000000000000000000000;2
2;20,62303500000000155978341354057192802429199218750000;50000,00000000000000000000000000000000000000000000000000;2
2;20,67881500000000016825651982799172401428222656250000;50000,00000000000000000000000000000000000000000000000000;4
2;20,91485600000000033560354495421051979064941406250000;50000,00000000000000000000000000000000000000000000000000;4
2;20,81877300000000019508661353029310703277587890625000;50000,00000000000000000000000000000000000000000000000000;4
2;20,73908499999999932583705231081694364547729492187500;50000,00000000000000000000000000000000000000000000000000;8
2;20,94090500000000076852302299812436103820800781250000;50000,00000000000000000000000000000000000000000000000000;8
2;20,70661600000000035493030736688524484634399414062500;50000,00000000000000000000000000000000000000000000000000;8
2;20,93648599999999859733179619070142507553100585937500;50000,00000000000000000000000000000000000000000000000000;10
2;20,97888400000000075351636041887104511260986328125000;50000,00000000000000000000000000000000000000000000000000;10
2;20,67963100000000054023985285311937332153320312500000;50000,00000000000000000000000000000000000000000000000000;10
2;20,75242000000000075488060247153043746948242187500000;50000,00000000000000000000000000000000000000000000000000;20
2;21,06703600000000164982338901609182357788085937500000;50000,00000000000000000000000000000000000000000000000000;20
2;20,67304000000000030468072509393095970153808593750000;50000,00000000000000000000000000000000000000000000000000;20
2;21,16847699999999932174432615283876657485961914062500;50000,00000000000000000000000000000000000000000000000000;50
2;21,07793600000000111549525172449648380279541015625000;50000,00000000000000000000000000000000000000000000000000;50
2;20,68145799999999923102222965098917484283447265625000;50000,00000000000000000000000000000000000000000000000000;50
2;20,82910599999999945453055261168628931045532226562500;50000,00000000000000000000000000000000000000000000000000;100
2;21,12460499999999896658664511051028966903686523437500;50000,00000000000000000000000000000000000000000000000000;100
2;21,35485299999999853071130928583443164825439453125000;50000,00000000000000000000000000000000000000000000000000;100
2;20,90558899999999908914105617441236972808837890625000;50000,00000000000000000000000000000000000000000000000000;500
2;20,79297800000000151499079947825521230697631835937500;50000,00000000000000000000000000000000000000000000000000;500
2;20,89088500000000081513462646398693323135375976562500;50000,00000000000000000000000000000000000000000000000000;500
2;20,68882400000000032491698220837861299514770507812500;50000,00000000000000000000000000000000000000000000000000;1000
2;21,10743700000000089289642346557229757308959960937500;50000,00000000000000000000000000000000000000000000000000;1000
2;20,90576599999999984902387950569391250610351562500000;50000,00000000000000000000000000000000000000000000000000;1000
16;0,42762899999999998135180589997617062181234359741211;50,00000000000000000000000000000000000000000000000000;1
16;0,34346999999999999753086399323365185409784317016602;50,00000000000000000000000000000000000000000000000000;1
16;0,34650700000000000944311295825173147022724151611328;50,00000000000000000000000000000000000000000000000000;1
16;0,36265700000000000713384906703140586614608764648438;50,00000000000000000000000000000000000000000000000000;2
16;0,36630200000000001647748604227672331035137176513672;50,00000000000000000000000000000000000000000000000000;2
16;0,35460400000000003029043682545307092368602752685547;50,00000000000000000000000000000000000000000000000000;2
16;0,34807999999999994500399225216824561357498168945312;100,00000000000000000000000000000000000000000000000000;1
16;0,34607799999999999673860884286114014685153961181641;100,00000000000000000000000000000000000000000000000000;1
16;0,35437099999999999155875229917000979185104370117188;100,00000000000000000000000000000000000000000000000000;1
16;0,35583700000000001439914854017843026667833328247070;100,00000000000000000000000000000000000000000000000000;2
16;0,35060400000000002673772314665256999433040618896484;100,00000000000000000000000000000000000000000000000000;2
16;0,35058999999999995722532730724196881055831909179688;100,00000000000000000000000000000000000000000000000000;2
16;0,36308200000000001583799758009263314306735992431641;100,00000000000000000000000000000000000000000000000000;4
16;0,36750400000000005285016868583625182509422302246094;100,00000000000000000000000000000000000000000000000000;4
16;0,35709999999999997299937604111619293689727783203125;100,00000000000000000000000000000000000000000000000000;4
16;0,37177599999999999536015593548654578626155853271484;1000,00000000000000000000000000000000000000000000000000;1
16;0,34756600000000004158096089668106287717819213867188;1000,00000000000000000000000000000000000000000000000000;1
16;0,35642699999999999382893633992352988570928573608398;1000,00000000000000000000000000000000000000000000000000;1
16;0,34646299999999996543920133262872695922851562500000;1000,00000000000000000000000000000000000000000000000000;2
16;0,34789100000000000578737058276601601392030715942383;1000,00000000000000000000000000000000000000000000000000;2
16;0,36798799999999998178168425511103123426437377929688;1000,00000000000000000000000000000000000000000000000000;2
16;0,35403399999999995984012457483913749456405639648438;1000,00000000000000000000000000000000000000000000000000;4
16;0,33859499999999997932320638938108459115028381347656;1000,00000000000000000000000000000000000000000000000000;4
16;0,34377199999999996649080458155367523431777954101562;1000,00000000000000000000000000000000000000000000000000;4
16;0,34544700000000000406075173486897256225347518920898;1000,00000000000000000000000000000000000000000000000000;8
16;0,36543000000000003257838443460059352219104766845703;1000,00000000000000000000000000000000000000000000000000;8
16;0,35324900000000003519318170219776220619678497314453;1000,00000000000000000000000000000000000000000000000000;8
16;0,34640100000000001445599195903923828154802322387695;1000,00000000000000000000000000000000000000000000000000;10
16;0,34492800000000001237054902958334423601627349853516;1000,00000000000000000000000000000000000000000000000000;10
16;0,34983100000000000306954461848363280296325683593750;1000,00000000000000000000000000000000000000000000000000;10
16;0,35728599999999999248245785565814003348350524902344;1000,00000000000000000000000000000000000000000000000000;20
16;0,36194499999999996120436662749852985143661499023438;1000,00000000000000000000000000000000000000000000000000;20
16;0,34549099999999999255351212923415005207061767578125;1000,00000000000000000000000000000000000000000000000000;20
16;0,35203400000000001357491896669671405106782913208008;1000,00000000000000000000000000000000000000000000000000;50
16;0,36568900000000004180122914476669393479824066162109;1000,00000000000000000000000000000000000000000000000000;50
16;0,36067799999999999860378352423140313476324081420898;1000,00000000000000000000000000000000000000000000000000;50
16;0,54660100000000000353139739672769792377948760986328;5000,00000000000000000000000000000000000000000000000000;1
16;0,54408100000000003682032456708839163184165954589844;5000,00000000000000000000000000000000000000000000000000;1
16;0,55253900000000000236610731008113361895084381103516;5000,00000000000000000000000000000000000000000000000000;1
16;0,54057999999999994944488435066887177526950836181641;5000,00000000000000000000000000000000000000000000000000;2
16;0,54964699999999999668887085135793313384056091308594;5000,00000000000000000000000000000000000000000000000000;2
16;0,55735299999999998732391759403981268405914306640625;5000,00000000000000000000000000000000000000000000000000;2
16;0,55857699999999999018740481915301643311977386474609;5000,00000000000000000000000000000000000000000000000000;4
16;0,56057100000000004147437948631704784929752349853516;5000,00000000000000000000000000000000000000000000000000;4
16;0,58325599999999999667465999664273113012313842773438;5000,00000000000000000000000000000000000000000000000000;4
16;0,54406600000000004957456667398218996822834014892578;5000,00000000000000000000000000000000000000000000000000;8
16;0,58597599999999994135890801771893166005611419677734;5000,00000000000000000000000000000000000000000000000000;8
16;0,55882399999999998740918272233102470636367797851562;5000,00000000000000000000000000000000000000000000000000;8
16;0,54778999999999999914734871708787977695465087890625;5000,00000000000000000000000000000000000000000000000000;10
16;0,55351200000000000400746102968696504831314086914062;5000,00000000000000000000000000000000000000000000000000;10
16;0,54073700000000002319211489520967006683349609375000;5000,00000000000000000000000000000000000000000000000000;10
16;0,54005700000000000926547727431170642375946044921875;5000,00000000000000000000000000000000000000000000000000;20
16;0,55577199999999993274002463294891640543937683105469;5000,00000000000000000000000000000000000000000000000000;20
16;0,54234500000000007702283255639486014842987060546875;5000,00000000000000000000000000000000000000000000000000;20
16;0,53581000000000000849098569233319722115993499755859;5000,00000000000000000000000000000000000000000000000000;50
16;0,54300700000000001743671873555285856127738952636719;5000,00000000000000000000000000000000000000000000000000;50
16;0,54403400000000001757172185534727759659290313720703;5000,00000000000000000000000000000000000000000000000000;50
16;0,53517499999999995630162175075383856892585754394531;5000,00000000000000000000000000000000000000000000000000;100
16;0,53778999999999999026556452008662745356559753417969;5000,00000000000000000000000000000000000000000000000000;100
16;0,53120699999999998475175289058825001120567321777344;5000,00000000000000000000000000000000000000000000000000;100
16;1,19111000000000011311840353300794959068298339843750;10000,00000000000000000000000000000000000000000000000000;1
16;1,17465399999999986491161507728975266218185424804688;10000,00000000000000000000000000000000000000000000000000;1
16;1,17977799999999999336353084800066426396369934082031;10000,00000000000000000000000000000000000000000000000000;1
16;1,17130500000000004057199021190172061324119567871094;10000,00000000000000000000000000000000000000000000000000;2
16;1,18301499999999992773780377319781109690666198730469;10000,00000000000000000000000000000000000000000000000000;2
16;1,16579999999999994741983755375258624553680419921875;10000,00000000000000000000000000000000000000000000000000;2
16;1,17283599999999998964028691261773928999900817871094;10000,00000000000000000000000000000000000000000000000000;4
16;1,16829999999999989412913237174507230520248413085938;10000,00000000000000000000000000000000000000000000000000;4
16;1,16232000000000001982414232770679518580436706542969;10000,00000000000000000000000000000000000000000000000000;4
16;1,16833499999999990137666827649809420108795166015625;10000,00000000000000000000000000000000000000000000000000;8
16;1,18760500000000002174260771425906568765640258789062;10000,00000000000000000000000000000000000000000000000000;8
16;1,15939700000000001089972556655993685126304626464844;10000,00000000000000000000000000000000000000000000000000;8
16;1,18579799999999990767207691533258184790611267089844;10000,00000000000000000000000000000000000000000000000000;10
16;1,17400199999999999000976913521299138665199279785156;10000,00000000000000000000000000000000000000000000000000;10
16;1,17592499999999988702370501414407044649124145507812;10000,00000000000000000000000000000000000000000000000000;10
16;1,18610299999999990738785982102854177355766296386719;10000,00000000000000000000000000000000000000000000000000;20
16;1,20416199999999995462474089436000213027000427246094;10000,00000000000000000000000000000000000000000000000000;20
16;1,17878600000000011149836609547492116689682006835938;10000,00000000000000000000000000000000000000000000000000;20
16;1,15570700000000003981881491199601441621780395507812;10000,00000000000000000000000000000000000000000000000000;50
16;1,17380499999999998728128502989420667290687561035156;10000,00000000000000000000000000000000000000000000000000;50
16;1,15507300000000001638511548662791028618812561035156;10000,00000000000000000000000000000000000000000000000000;50
16;1,15912799999999993616484061931259930133819580078125;10000,00000000000000000000000000000000000000000000000000;100
16;1,16405400000000014415491023100912570953369140625000;10000,00000000000000000000000000000000000000000000000000;100
16;1,15324399999999993582378010614775121212005615234375;10000,00000000000000000000000000000000000000000000000000;100
16;1,17890700000000014924239621905144304037094116210938;10000,00000000000000000000000000000000000000000000000000;500
16;1,18905599999999989080379236838780343532562255859375;10000,00000000000000000000000000000000000000000000000000;500
16;1,18178099999999997038457877351902425289154052734375;10000,00000000000000000000000000000000000000000000000000;500
16;21,52168800000000103977981780190020799636840820312500;50000,00000000000000000000000000000000000000000000000000;1
16;20,87365300000000090108187578152865171432495117187500;50000,00000000000000000000000000000000000000000000000000;1
16;20,72190900000000013392309483606368303298950195312500;50000,00000000000000000000000000000000000000000000000000;1
16;20,96958599999999961482899379916489124298095703125000;50000,00000000000000000000000000000000000000000000000000;2
16;21,27168700000000001182343112304806709289550781250000;50000,00000000000000000000000000000000000000000000000000;2
16;20,37367199999999911597114987671375274658203125000000;50000,00000000000000000000000000000000000000000000000000;2
16;20,83311300000000088061824499163776636123657226562500;50000,00000000000000000000000000000000000000000000000000;4
16;20,75889199999999945589479466434568166732788085937500;50000,00000000000000000000000000000000000000000000000000;4
16;20,52469899999999825013219378888607025146484375000000;50000,00000000000000000000000000000000000000000000000000;4
16;20,69591099999999883607415540609508752822875976562500;50000,00000000000000000000000000000000000000000000000000;8
16;20,72909100000000037766767491120845079421997070312500;50000,00000000000000000000000000000000000000000000000000;8
16;20,88723399999999941201167530380189418792724609375000;50000,00000000000000000000000000000000000000000000000000;8
16;21,02579599999999970805220073089003562927246093750000;50000,00000000000000000000000000000000000000000000000000;10
16;20,74639499999999969759301166050136089324951171875000;50000,00000000000000000000000000000000000000000000000000;10
16;20,71031500000000136196831590496003627777099609375000;50000,00000000000000000000000000000000000000000000000000;10
16;21,04331099999999921124071988742798566818237304687500;50000,00000000000000000000000000000000000000000000000000;20
16;23,49492400000000102977537608239799737930297851562500;50000,00000000000000000000000000000000000000000000000000;20
16;21,10755599999999887472768023144453763961791992187500;50000,00000000000000000000000000000000000000000000000000;20
16;20,90910999999999830833985470235347747802734375000000;50000,00000000000000000000000000000000000000000000000000;50
16;20,85757699999999914552972768433392047882080078125000;50000,00000000000000000000000000000000000000000000000000;50
16;20,62101200000000034151526051573455333709716796875000;50000,00000000000000000000000000000000000000000000000000;50
16;20,66818699999999964234120852779597043991088867187500;50000,00000000000000000000000000000000000000000000000000;100
16;21,09049100000000009913492249324917793273925781250000;50000,00000000000000000000000000000000000000000000000000;100
16;21,89158600000000021168489183764904737472534179687500;50000,00000000000000000000000000000000000000000000000000;100
16;20,89326300000000102841113402973860502243041992187500;50000,00000000000000000000000000000000000000000000000000;500
16;21,04032000000000124373400467447936534881591796875000;50000,00000000000000000000000000000000000000000000000000;500
16;20,92901000000000166778590937610715627670288085937500;50000,00000000000000000000000000000000000000000000000000;500
16;21,25490900000000138447830977384001016616821289062500;50000,00000000000000000000000000000000000000000000000000;1000
16;20,87715800000000143654688145034015178680419921875000;50000,00000000000000000000000000000000000000000000000000;1000
16;20,92103200000000029490365704987198114395141601562500;50000,00000000000000000000000000000000000000000000000000;1000
32;0,56584000000000000962785406954935751855373382568359;50,00000000000000000000000000000000000000000000000000;1
32;0,53711199999999992282795346909551881253719329833984;50,00000000000000000000000000000000000000000000000000;1
32;0,55956399999999995031885191565379500389099121093750;50,00000000000000000000000000000000000000000000000000;1
32;0,54805400000000004112621354579459875822067260742188;100,00000000000000000000000000000000000000000000000000;1
32;0,53719099999999997407940099947154521942138671875000;100,00000000000000000000000000000000000000000000000000;1
32;0,55092699999999994453503404656657949090003967285156;100,00000000000000000000000000000000000000000000000000;1
32;0,53849199999999997068300672253826633095741271972656;100,00000000000000000000000000000000000000000000000000;2
32;0,53881400000000001515587655376293696463108062744141;100,00000000000000000000000000000000000000000000000000;2
32;0,54322499999999995790034290621406398713588714599609;100,00000000000000000000000000000000000000000000000000;2
32;0,53731300000000004057909563925932161509990692138672;1000,00000000000000000000000000000000000000000000000000;1
32;0,54764699999999999491251401195768266916275024414062;1000,00000000000000000000000000000000000000000000000000;1
32;0,54155799999999998384225818881532177329063415527344;1000,00000000000000000000000000000000000000000000000000;1
32;0,53913100000000002687272626644698902964591979980469;1000,00000000000000000000000000000000000000000000000000;2
32;0,55368600000000001148947603724082000553607940673828;1000,00000000000000000000000000000000000000000000000000;2
32;0,54541200000000000791544607636751607060432434082031;1000,00000000000000000000000000000000000000000000000000;2
32;0,54554999999999997939426066295709460973739624023438;1000,00000000000000000000000000000000000000000000000000;4
32;0,56804500000000002213340621892712078988552093505859;1000,00000000000000000000000000000000000000000000000000;4
32;0,53369699999999997697130993401515297591686248779297;1000,00000000000000000000000000000000000000000000000000;4
32;0,55041800000000007386802280962001532316207885742188;1000,00000000000000000000000000000000000000000000000000;8
32;0,54380099999999997884003732906421646475791931152344;1000,00000000000000000000000000000000000000000000000000;8
32;0,55007399999999995188204593432601541280746459960938;1000,00000000000000000000000000000000000000000000000000;8
32;0,56767699999999998716759819217259064316749572753906;1000,00000000000000000000000000000000000000000000000000;10
32;0,55350800000000000000710542735760100185871124267578;1000,00000000000000000000000000000000000000000000000000;10
32;0,53969899999999992878940702212275937199592590332031;1000,00000000000000000000000000000000000000000000000000;10
32;0,58201799999999992429877693211892619729042053222656;1000,00000000000000000000000000000000000000000000000000;20
32;0,58196000000000003282707439211662858724594116210938;1000,00000000000000000000000000000000000000000000000000;20
32;0,57581999999999999850786025490378960967063903808594;1000,00000000000000000000000000000000000000000000000000;20
32;0,74781199999999992122923231363529339432716369628906;5000,00000000000000000000000000000000000000000000000000;1
32;0,74453899999999995085175896747387014329433441162109;5000,00000000000000000000000000000000000000000000000000;1
32;0,74158699999999999619149093632586300373077392578125;5000,00000000000000000000000000000000000000000000000000;1
32;0,73946500000000003893774191965349018573760986328125;5000,00000000000000000000000000000000000000000000000000;2
32;0,75056800000000001293898321819142438471317291259766;5000,00000000000000000000000000000000000000000000000000;2
32;0,74293200000000003679900828501558862626552581787109;5000,00000000000000000000000000000000000000000000000000;2
32;0,74404899999999996040855876344721764326095581054688;5000,00000000000000000000000000000000000000000000000000;4
32;0,74445499999999997786659378107287921011447906494141;5000,00000000000000000000000000000000000000000000000000;4
32;0,75316199999999999814548345966613851487636566162109;5000,00000000000000000000000000000000000000000000000000;4
32;0,74090999999999995750954440154600888490676879882812;5000,00000000000000000000000000000000000000000000000000;8
32;0,73455700000000001548272621221258305013179779052734;5000,00000000000000000000000000000000000000000000000000;8
32;0,74459600000000003561240191629622131586074829101562;5000,00000000000000000000000000000000000000000000000000;8
32;0,75222699999999997899635673093143850564956665039062;5000,00000000000000000000000000000000000000000000000000;10
32;0,74058199999999996254729239808511920273303985595703;5000,00000000000000000000000000000000000000000000000000;10
32;0,74176900000000001167421714853844605386257171630859;5000,00000000000000000000000000000000000000000000000000;10
32;0,74263800000000002032862767009646631777286529541016;5000,00000000000000000000000000000000000000000000000000;20
32;0,73559400000000008112976956908823922276496887207031;5000,00000000000000000000000000000000000000000000000000;20
32;0,73835499999999998355093566715368069708347320556641;5000,00000000000000000000000000000000000000000000000000;20
32;0,75029599999999996295940718482597731053829193115234;5000,00000000000000000000000000000000000000000000000000;50
32;0,71858599999999994700772276701172813773155212402344;5000,00000000000000000000000000000000000000000000000000;50
32;0,73561999999999994059862729045562446117401123046875;5000,00000000000000000000000000000000000000000000000000;50
32;0,73976799999999998114219579292694106698036193847656;5000,00000000000000000000000000000000000000000000000000;100
32;0,73165299999999999780442294650129042565822601318359;5000,00000000000000000000000000000000000000000000000000;100
32;0,72714299999999998380673105202731676399707794189453;5000,00000000000000000000000000000000000000000000000000;100
32;1,37685999999999997278621322038816288113594055175781;10000,00000000000000000000000000000000000000000000000000;1
32;1,38332199999999994055599472631001845002174377441406;10000,00000000000000000000000000000000000000000000000000;1
32;1,38115699999999996805399860022589564323425292968750;10000,00000000000000000000000000000000000000000000000000;1
32;1,37975700000000012224177226016763597726821899414062;10000,00000000000000000000000000000000000000000000000000;2
32;1,38651100000000004897060534858610481023788452148438;10000,00000000000000000000000000000000000000000000000000;2
32;1,38842299999999996273913893674034625291824340820312;10000,00000000000000000000000000000000000000000000000000;2
32;1,35776300000000005319122919900109991431236267089844;10000,00000000000000000000000000000000000000000000000000;4
32;1,37278900000000003700506567838601768016815185546875;10000,00000000000000000000000000000000000000000000000000;4
32;1,35196199999999988605736689351033419370651245117188;10000,00000000000000000000000000000000000000000000000000;4
32;1,39138399999999995415578268875833600759506225585938;10000,00000000000000000000000000000000000000000000000000;8
32;1,41439000000000003609557097661308944225311279296875;10000,00000000000000000000000000000000000000000000000000;8
32;1,34871699999999994368238276365445926785469055175781;10000,00000000000000000000000000000000000000000000000000;8
32;1,40007800000000015572254596918355673551559448242188;10000,00000000000000000000000000000000000000000000000000;10
32;1,38195800000000001972466634470038115978240966796875;10000,00000000000000000000000000000000000000000000000000;10
32;1,38752600000000003710454166139243170619010925292969;10000,00000000000000000000000000000000000000000000000000;10
32;1,36353299999999988401100381452124565839767456054688;10000,00000000000000000000000000000000000000000000000000;20
32;1,38147599999999992625987488281680271029472351074219;10000,00000000000000000000000000000000000000000000000000;20
32;1,38341499999999983927523317106533795595169067382812;10000,00000000000000000000000000000000000000000000000000;20
32;1,34743799999999991356958162214141339063644409179688;10000,00000000000000000000000000000000000000000000000000;50
32;1,36461300000000007592859674332430586218833923339844;10000,00000000000000000000000000000000000000000000000000;50
32;1,37297000000000002373212737438734620809555053710938;10000,00000000000000000000000000000000000000000000000000;50
32;1,35175599999999995759480952983722090721130371093750;10000,00000000000000000000000000000000000000000000000000;100
32;1,34731000000000000760280727263307198882102966308594;10000,00000000000000000000000000000000000000000000000000;100
32;1,34379200000000009751488505571614950895309448242188;10000,00000000000000000000000000000000000000000000000000;100
32;21,37970299999999923556970315985381603240966796875000;50000,00000000000000000000000000000000000000000000000000;1
32;21,27925400000000166755853570066392421722412109375000;50000,00000000000000000000000000000000000000000000000000;1
32;21,51161799999999857391230762004852294921875000000000;50000,00000000000000000000000000000000000000000000000000;1
32;21,01473899999999872534317546524107456207275390625000;50000,00000000000000000000000000000000000000000000000000;2
32;21,18492499999999978399500832892954349517822265625000;50000,00000000000000000000000000000000000000000000000000;2
32;21,04930399999999934834704617969691753387451171875000;50000,00000000000000000000000000000000000000000000000000;2
32;21,16189699999999973556441545952111482620239257812500;50000,00000000000000000000000000000000000000000000000000;4
32;21,23583899999999857755028642714023590087890625000000;50000,00000000000000000000000000000000000000000000000000;4
32;21,19293700000000058025761973112821578979492187500000;50000,00000000000000000000000000000000000000000000000000;4
32;20,82982900000000014983925211708992719650268554687500;50000,00000000000000000000000000000000000000000000000000;8
32;21,32855299999999942883732728660106658935546875000000;50000,00000000000000000000000000000000000000000000000000;8
32;20,91963600000000056411408877465873956680297851562500;50000,00000000000000000000000000000000000000000000000000;8
32;20,98928699999999736292011220939457416534423828125000;50000,00000000000000000000000000000000000000000000000000;10
32;21,36908799999999786223270348273217678070068359375000;50000,00000000000000000000000000000000000000000000000000;10
32;20,99638699999999857936927583068609237670898437500000;50000,00000000000000000000000000000000000000000000000000;10
32;21,28489100000000178170012077316641807556152343750000;50000,00000000000000000000000000000000000000000000000000;20
32;21,12727800000000044633452489506453275680541992187500;50000,00000000000000000000000000000000000000000000000000;20
32;21,14884699999999995156940713059157133102416992187500;50000,00000000000000000000000000000000000000000000000000;20
32;21,21617399999999875603862165007740259170532226562500;50000,00000000000000000000000000000000000000000000000000;50
32;21,15156599999999897931957093533128499984741210937500;50000,00000000000000000000000000000000000000000000000000;50
32;21,33578899999999833880792721174657344818115234375000;50000,00000000000000000000000000000000000000000000000000;50
32;21,22398700000000104637365438975393772125244140625000;50000,00000000000000000000000000000000000000000000000000;100
32;20,91466600000000042314240999985486268997192382812500;50000,00000000000000000000000000000000000000000000000000;100
32;21,20677299999999831925379112362861633300781250000000;50000,00000000000000000000000000000000000000000000000000;100
32;20,53026300000000148315848491620272397994995117187500;50000,00000000000000000000000000000000000000000000000000;500
32;21,18569700000000111117515189107507467269897460937500;50000,00000000000000000000000000000000000000000000000000;500
32;21,39108399999999932106220512650907039642333984375000;50000,00000000000000000000000000000000000000000000000000;500
32;21,47045400000000014983925211708992719650268554687500;50000,00000000000000000000000000000000000000000000000000;1000
32;22,45031200000000026761881599668413400650024414062500;50000,00000000000000000000000000000000000000000000000000;1000
32;21,93339900000000142199496622197329998016357421875000;50000,00000000000000000000000000000000000000000000000000;1000
16;0,42861300000000002174971314161666668951511383056641;50,00000000000000000000000000000000000000000000000000;1
16;0,38476399999999999490540858460008166730403900146484;50,00000000000000000000000000000000000000000000000000;1
16;0,39932100000000003703348738781642168760299682617188;50,00000000000000000000000000000000000000000000000000;1
16;0,39159800000000000164135371960583142936229705810547;50,00000000000000000000000000000000000000000000000000;2
16;0,38675500000000001543654093438817653805017471313477;50,00000000000000000000000000000000000000000000000000;2
16;0,37011499999999997179145339032402262091636657714844;50,00000000000000000000000000000000000000000000000000;2
16;0,39275999999999999801048033987171947956085205078125;100,00000000000000000000000000000000000000000000000000;1
16;0,39592700000000002891198391807847656309604644775391;100,00000000000000000000000000000000000000000000000000;1
16;0,39915200000000000679634126754535827785730361938477;100,00000000000000000000000000000000000000000000000000;1
16;0,38506899999999999462119149029604159295558929443359;100,00000000000000000000000000000000000000000000000000;2
16;0,40142899999999998028599179633602034300565719604492;100,00000000000000000000000000000000000000000000000000;2
16;0,38137399999999999078426071719150058925151824951172;100,00000000000000000000000000000000000000000000000000;2
16;0,38592800000000004878586423728847876191139221191406;100,00000000000000000000000000000000000000000000000000;4
16;0,40000799999999997469402046590403188019990921020508;100,00000000000000000000000000000000000000000000000000;4
16;0,38581399999999999028688080215943045914173126220703;100,00000000000000000000000000000000000000000000000000;4
16;0,45468900000000000982680603556218557059764862060547;1000,00000000000000000000000000000000000000000000000000;1
16;0,39939299999999999801758576722932048141956329345703;1000,00000000000000000000000000000000000000000000000000;1
16;0,40125100000000002431477241771062836050987243652344;1000,00000000000000000000000000000000000000000000000000;1
16;0,38944400000000001238475988429854623973369598388672;1000,00000000000000000000000000000000000000000000000000;2
16;0,38376300000000002077271687994652893394231796264648;1000,00000000000000000000000000000000000000000000000000;2
16;0,39117900000000005444888984129647724330425262451172;1000,00000000000000000000000000000000000000000000000000;2
16;0,40274300000000001764632884260208811610937118530273;1000,00000000000000000000000000000000000000000000000000;4
16;0,38775600000000004508038387029955629259347915649414;1000,00000000000000000000000000000000000000000000000000;4
16;0,39475300000000002054179049082449637353420257568359;1000,00000000000000000000000000000000000000000000000000;4
16;0,37507800000000002249578301416477188467979431152344;1000,00000000000000000000000000000000000000000000000000;8
16;0,38486399999999998389199618031852878630161285400391;1000,00000000000000000000000000000000000000000000000000;8
16;0,41053499999999998326671857284964062273502349853516;1000,00000000000000000000000000000000000000000000000000;8
16;0,39670199999999999906918901615426875650882720947266;1000,00000000000000000000000000000000000000000000000000;10
16;0,39461199999999996279598235560115426778793334960938;1000,00000000000000000000000000000000000000000000000000;10
16;0,39008199999999998430766368073818739503622055053711;1000,00000000000000000000000000000000000000000000000000;10
16;0,39439099999999999157651586756401229649782180786133;1000,00000000000000000000000000000000000000000000000000;20
16;0,40396399999999998975397375033935531973838806152344;1000,00000000000000000000000000000000000000000000000000;20
16;0,39932600000000001427835627509921323508024215698242;1000,00000000000000000000000000000000000000000000000000;20
16;0,40489300000000000290256707558000925928354263305664;1000,00000000000000000000000000000000000000000000000000;50
16;0,40025200000000005218225851422175765037536621093750;1000,00000000000000000000000000000000000000000000000000;50
16;0,40118799999999998906474729665205813944339752197266;1000,00000000000000000000000000000000000000000000000000;50
16;0,59079499999999995907273842021822929382324218750000;5000,00000000000000000000000000000000000000000000000000;1
16;0,59390799999999999148059259823639877140522003173828;5000,00000000000000000000000000000000000000000000000000;1
16;0,60619800000000001460875864722765982151031494140625;5000,00000000000000000000000000000000000000000000000000;1
16;0,59315499999999998781419208171428181231021881103516;5000,00000000000000000000000000000000000000000000000000;2
16;0,59798700000000004628475380741292610764503479003906;5000,00000000000000000000000000000000000000000000000000;2
16;0,58546600000000004193623226456111297011375427246094;5000,00000000000000000000000000000000000000000000000000;2
16;0,58599200000000006838263288955204188823699951171875;5000,00000000000000000000000000000000000000000000000000;4
16;0,60285999999999995146993114758515730500221252441406;5000,00000000000000000000000000000000000000000000000000;4
16;0,58990900000000001668354343564715236425399780273438;5000,00000000000000000000000000000000000000000000000000;4
16;0,59033500000000005414335646491963416337966918945312;5000,00000000000000000000000000000000000000000000000000;8
16;0,59542800000000006832578947069123387336730957031250;5000,00000000000000000000000000000000000000000000000000;8
16;0,59184599999999998320987515398883260786533355712891;5000,00000000000000000000000000000000000000000000000000;8
16;0,60401599999999999734967559561482630670070648193359;5000,00000000000000000000000000000000000000000000000000;10
16;0,60003600000000001379873992846114560961723327636719;5000,00000000000000000000000000000000000000000000000000;10
16;0,58824399999999998911448528815526515245437622070312;5000,00000000000000000000000000000000000000000000000000;10
16;0,58659499999999997754684954998083412647247314453125;5000,00000000000000000000000000000000000000000000000000;20
16;0,58792599999999994864197105925995856523513793945312;5000,00000000000000000000000000000000000000000000000000;20
16;0,59833399999999992147081684379372745752334594726562;5000,00000000000000000000000000000000000000000000000000;20
16;0,58747300000000002295763579240883700549602508544922;5000,00000000000000000000000000000000000000000000000000;50
16;0,60440899999999997405097929004114121198654174804688;5000,00000000000000000000000000000000000000000000000000;50
16;0,59761799999999998256328126444714143872261047363281;5000,00000000000000000000000000000000000000000000000000;50
16;0,58893700000000004379785423225257545709609985351562;5000,00000000000000000000000000000000000000000000000000;100
16;0,59016500000000005066169705969514325261116027832031;5000,00000000000000000000000000000000000000000000000000;100
16;0,60249099999999999877076106713502667844295501708984;5000,00000000000000000000000000000000000000000000000000;100
16;1,21906899999999995820587628259090706706047058105469;10000,00000000000000000000000000000000000000000000000000;1
16;1,20218000000000002636113549669971689581871032714844;10000,00000000000000000000000000000000000000000000000000;1
16;1,21487699999999998468069861701223999261856079101562;10000,00000000000000000000000000000000000000000000000000;1
16;1,20597200000000004393996277940459549427032470703125;10000,00000000000000000000000000000000000000000000000000;2
16;1,21905799999999997496047399181406944990158081054688;10000,00000000000000000000000000000000000000000000000000;2
16;1,22317399999999998350119767565047368407249450683594;10000,00000000000000000000000000000000000000000000000000;2
16;1,24601099999999997969268861197633668780326843261719;10000,00000000000000000000000000000000000000000000000000;4
16;1,24843900000000007644018751307157799601554870605469;10000,00000000000000000000000000000000000000000000000000;4
16;1,24346099999999992746779753360897302627563476562500;10000,00000000000000000000000000000000000000000000000000;4
16;1,24992100000000005977085493213962763547897338867188;10000,00000000000000000000000000000000000000000000000000;8
16;1,23049999999999992716936958458973094820976257324219;10000,00000000000000000000000000000000000000000000000000;8
16;1,25627999999999984126475283119361847639083862304688;10000,00000000000000000000000000000000000000000000000000;8
16;1,26636600000000010268763617204967886209487915039062;10000,00000000000000000000000000000000000000000000000000;10
16;1,20379199999999997316990629769861698150634765625000;10000,00000000000000000000000000000000000000000000000000;10
16;1,20596499999999995367261362844146788120269775390625;10000,00000000000000000000000000000000000000000000000000;10
16;1,20700199999999990829735452280147001147270202636719;10000,00000000000000000000000000000000000000000000000000;20
16;1,21389999999999997903898929507704451680183410644531;10000,00000000000000000000000000000000000000000000000000;20
16;1,20060799999999989751131579396314918994903564453125;10000,00000000000000000000000000000000000000000000000000;20
16;1,28484599999999993258370523108169436454772949218750;10000,00000000000000000000000000000000000000000000000000;50
16;1,25172200000000000130739863379858434200286865234375;10000,00000000000000000000000000000000000000000000000000;50
16;1,22355199999999997295674347697058692574501037597656;10000,00000000000000000000000000000000000000000000000000;50
16;1,19985399999999997611155322374543175101280212402344;10000,00000000000000000000000000000000000000000000000000;100
16;1,23062699999999991540278188040247187018394470214844;10000,00000000000000000000000000000000000000000000000000;100
16;1,18567299999999997694999365194234997034072875976562;10000,00000000000000000000000000000000000000000000000000;100
16;1,24038400000000015310774870158638805150985717773438;10000,00000000000000000000000000000000000000000000000000;500
16;1,25951000000000012946088645549025386571884155273438;10000,00000000000000000000000000000000000000000000000000;500
16;1,23296099999999997365307535801548510789871215820312;10000,00000000000000000000000000000000000000000000000000;500
16;21,02616199999999935243977233767509460449218750000000;50000,00000000000000000000000000000000000000000000000000;1
16;21,28489499999999878809830988757312297821044921875000;50000,00000000000000000000000000000000000000000000000000;1
16;21,47592300000000165027813636697828769683837890625000;50000,00000000000000000000000000000000000000000000000000;1
16;21,31660099999999857800503377802670001983642578125000;50000,00000000000000000000000000000000000000000000000000;2
16;20,75118499999999954752638586796820163726806640625000;50000,00000000000000000000000000000000000000000000000000;2
16;21,18993899999999896976987656671553850173950195312500;50000,00000000000000000000000000000000000000000000000000;2
16;20,98627899999999968372321745846420526504516601562500;50000,00000000000000000000000000000000000000000000000000;4
16;21,16540799999999933334038360044360160827636718750000;50000,00000000000000000000000000000000000000000000000000;4
16;21,01712500000000005684341886080801486968994140625000;50000,00000000000000000000000000000000000000000000000000;4
16;21,32210800000000006093614501878619194030761718750000;50000,00000000000000000000000000000000000000000000000000;8
16;20,93076299999999889678292674943804740905761718750000;50000,00000000000000000000000000000000000000000000000000;8
16;21,11342300000000093973540060687810182571411132812500;50000,00000000000000000000000000000000000000000000000000;8
16;21,10310600000000036402525438461452722549438476562500;50000,00000000000000000000000000000000000000000000000000;10
16;20,85645999999999844476405996829271316528320312500000;50000,00000000000000000000000000000000000000000000000000;10
16;21,29865699999999861802280065603554248809814453125000;50000,00000000000000000000000000000000000000000000000000;10
16;21,04683599999999898955138633027672767639160156250000;50000,00000000000000000000000000000000000000000000000000;20
16;21,07536400000000043064574128948152065277099609375000;50000,00000000000000000000000000000000000000000000000000;20
16;21,28204300000000159798219101503491401672363281250000;50000,00000000000000000000000000000000000000000000000000;20
16;20,77788200000000173872649611439555883407592773437500;50000,00000000000000000000000000000000000000000000000000;50
16;21,07080699999999851002030482050031423568725585937500;50000,00000000000000000000000000000000000000000000000000;50
16;21,27209099999999963870322972070425748825073242187500;50000,00000000000000000000000000000000000000000000000000;50
16;21,06409299999999973351805238053202629089355468750000;50000,00000000000000000000000000000000000000000000000000;100
16;21,12288099999999957390173221938312053680419921875000;50000,00000000000000000000000000000000000000000000000000;100
16;21,59280499999999847204890102148056030273437500000000;50000,00000000000000000000000000000000000000000000000000;100
16;21,34239399999999875490175327286124229431152343750000;50000,00000000000000000000000000000000000000000000000000;500
16;21,11985999999999918941284704487770795822143554687500;50000,00000000000000000000000000000000000000000000000000;500
16;21,18991300000000066461325332056730985641479492187500;50000,00000000000000000000000000000000000000000000000000;500
16;21,38263600000000153045220940839499235153198242187500;50000,00000000000000000000000000000000000000000000000000;1000
16;21,19381399999999970873432175721973180770874023437500;50000,00000000000000000000000000000000000000000000000000;1000
16;21,48071699999999850660969968885183334350585937500000;50000,00000000000000000000000000000000000000000000000000;1000
32;0,69347499999999995257127238801331259310245513916016;50,00000000000000000000000000000000000000000000000000;1
32;0,66498800000000002352606998101691715419292449951172;50,00000000000000000000000000000000000000000000000000;1
32;0,67368600000000000704858393874019384384155273437500;50,00000000000000000000000000000000000000000000000000;1
32;0,68947399999999992026289419300155714154243469238281;100,00000000000000000000000000000000000000000000000000;1
32;0,67026999999999992141397342493291944265365600585938;100,00000000000000000000000000000000000000000000000000;1
32;0,67121399999999997731947587453760206699371337890625;100,00000000000000000000000000000000000000000000000000;1
32;0,66272599999999992625987488281680271029472351074219;100,00000000000000000000000000000000000000000000000000;2
32;0,66764200000000006873790425743209198117256164550781;100,00000000000000000000000000000000000000000000000000;2
32;0,66115000000000001545430450278217904269695281982422;100,00000000000000000000000000000000000000000000000000;2
32;0,67050199999999993138999343500472605228424072265625;1000,00000000000000000000000000000000000000000000000000;1
32;0,68195300000000003137756721116602420806884765625000;1000,00000000000000000000000000000000000000000000000000;1
32;0,68825000000000002842170943040400743484497070312500;1000,00000000000000000000000000000000000000000000000000;1
32;0,70237199999999999633359948347788304090499877929688;1000,00000000000000000000000000000000000000000000000000;2
32;0,68249899999999996680344338528811931610107421875000;1000,00000000000000000000000000000000000000000000000000;2
32;0,66641099999999997560706788135576061904430389404297;1000,00000000000000000000000000000000000000000000000000;2
32;0,68377100000000001767119783835369162261486053466797;1000,00000000000000000000000000000000000000000000000000;4
32;0,67122599999999998932054268152569420635700225830078;1000,00000000000000000000000000000000000000000000000000;4
32;0,66617199999999998638600118283648043870925903320312;1000,00000000000000000000000000000000000000000000000000;4
32;0,66768099999999996896349330199882388114929199218750;1000,00000000000000000000000000000000000000000000000000;8
32;0,66283500000000006302514066192088648676872253417969;1000,00000000000000000000000000000000000000000000000000;8
32;0,66127899999999995017674336850177496671676635742188;1000,00000000000000000000000000000000000000000000000000;8
32;0,68971999999999999975131004248396493494510650634766;1000,00000000000000000000000000000000000000000000000000;10
32;0,68514199999999991774757290841080248355865478515625;1000,00000000000000000000000000000000000000000000000000;10
32;0,66443300000000005134381808602483943104743957519531;1000,00000000000000000000000000000000000000000000000000;10
32;0,68599600000000005017852799937827512621879577636719;1000,00000000000000000000000000000000000000000000000000;20
32;0,66296900000000003050359964618110097944736480712891;1000,00000000000000000000000000000000000000000000000000;20
32;0,69659700000000002173550228690146468579769134521484;1000,00000000000000000000000000000000000000000000000000;20
32;0,89340399999999997593391753980540670454502105712891;5000,00000000000000000000000000000000000000000000000000;1
32;0,88286299999999995335997482470702379941940307617188;5000,00000000000000000000000000000000000000000000000000;1
32;0,86069200000000001260502813238417729735374450683594;5000,00000000000000000000000000000000000000000000000000;1
32;0,88344100000000003181099827997968532145023345947266;5000,00000000000000000000000000000000000000000000000000;2
32;0,87021300000000001428901441613561473786830902099609;5000,00000000000000000000000000000000000000000000000000;2
32;0,84568500000000002003730514843482524156570434570312;5000,00000000000000000000000000000000000000000000000000;2
32;0,88057300000000005013589543523266911506652832031250;5000,00000000000000000000000000000000000000000000000000;4
32;0,86868500000000004046540880153770558536052703857422;5000,00000000000000000000000000000000000000000000000000;4
32;0,85797000000000001040945107888546772301197052001953;5000,00000000000000000000000000000000000000000000000000;4
32;0,87651199999999995782218320528045296669006347656250;5000,00000000000000000000000000000000000000000000000000;8
32;0,88138499999999997402966300796833820641040802001953;5000,00000000000000000000000000000000000000000000000000;8
32;0,86818600000000001326583287664107047021389007568359;5000,00000000000000000000000000000000000000000000000000;8
32;0,87515600000000004499156602832954376935958862304688;5000,00000000000000000000000000000000000000000000000000;10
32;0,85670800000000002505373686290113255381584167480469;5000,00000000000000000000000000000000000000000000000000;10
32;0,88424899999999995170441025038599036633968353271484;5000,00000000000000000000000000000000000000000000000000;10
32;0,91764299999999998647126631112769246101379394531250;5000,00000000000000000000000000000000000000000000000000;20
32;0,88313299999999994582822182564996182918548583984375;5000,00000000000000000000000000000000000000000000000000;20
32;0,85735399999999994946620063274167478084564208984375;5000,00000000000000000000000000000000000000000000000000;20
32;0,86338800000000004430944500199984759092330932617188;5000,00000000000000000000000000000000000000000000000000;50
32;0,85834299999999996710897676166496239602565765380859;5000,00000000000000000000000000000000000000000000000000;50
32;0,87756900000000004347100457380292937159538269042969;5000,00000000000000000000000000000000000000000000000000;50
32;0,82823999999999997623234548882464878261089324951172;5000,00000000000000000000000000000000000000000000000000;100
32;0,85820499999999999563016217507538385689258575439453;5000,00000000000000000000000000000000000000000000000000;100
32;0,86255599999999998939159695510170422494411468505859;5000,00000000000000000000000000000000000000000000000000;100
32;1,53735299999999996956034920003730803728103637695312;10000,00000000000000000000000000000000000000000000000000;1
32;1,55350699999999997125144091114634647965431213378906;10000,00000000000000000000000000000000000000000000000000;1
32;1,50312800000000001965361207112437114119529724121094;10000,00000000000000000000000000000000000000000000000000;1
32;1,54549599999999998090061126276850700378417968750000;10000,00000000000000000000000000000000000000000000000000;2
32;1,54634800000000005582023732131347060203552246093750;10000,00000000000000000000000000000000000000000000000000;2
32;1,53929000000000004710898338089464232325553894042969;10000,00000000000000000000000000000000000000000000000000;2
32;1,50218000000000007077005648170597851276397705078125;10000,00000000000000000000000000000000000000000000000000;4
32;1,48645300000000002427213985356502234935760498046875;10000,00000000000000000000000000000000000000000000000000;4
32;1,58445999999999997953636921010911464691162109375000;10000,00000000000000000000000000000000000000000000000000;4
32;1,51429999999999997939426066295709460973739624023438;10000,00000000000000000000000000000000000000000000000000;8
32;1,55570299999999983597831487713847309350967407226562;10000,00000000000000000000000000000000000000000000000000;8
32;1,51358900000000007324274520215112715959548950195312;10000,00000000000000000000000000000000000000000000000000;8
32;1,51256400000000001959676865226356312632560729980469;10000,00000000000000000000000000000000000000000000000000;10
32;1,50961999999999996191490936325863003730773925781250;10000,00000000000000000000000000000000000000000000000000;10
32;1,49916699999999991632648743689060211181640625000000;10000,00000000000000000000000000000000000000000000000000;10
32;1,49714599999999986579268806963227689266204833984375;10000,00000000000000000000000000000000000000000000000000;20
32;1,49332200000000003825562089332379400730133056640625;10000,00000000000000000000000000000000000000000000000000;20
32;1,52692000000000005499600774783175438642501831054688;10000,00000000000000000000000000000000000000000000000000;20
32;1,50978000000000012192913345643319189548492431640625;10000,00000000000000000000000000000000000000000000000000;50
32;1,49669799999999986184207045880611985921859741210938;10000,00000000000000000000000000000000000000000000000000;50
32;1,46936500000000003218758592993253841996192932128906;10000,00000000000000000000000000000000000000000000000000;50
32;1,47414599999999995638688687904505059123039245605469;10000,00000000000000000000000000000000000000000000000000;100
32;1,48833299999999990603782862308435142040252685546875;10000,00000000000000000000000000000000000000000000000000;100
32;1,50133899999999997909583271393785253167152404785156;10000,00000000000000000000000000000000000000000000000000;100
32;21,41327100000000172030922840349376201629638671875000;50000,00000000000000000000000000000000000000000000000000;1
32;21,70075100000000034583536034915596246719360351562500;50000,00000000000000000000000000000000000000000000000000;1
32;21,28187399999999840360942471306771039962768554687500;50000,00000000000000000000000000000000000000000000000000;1
32;21,44128800000000012460077414289116859436035156250000;50000,00000000000000000000000000000000000000000000000000;2
32;21,45328299999999899227987043559551239013671875000000;50000,00000000000000000000000000000000000000000000000000;2
32;21,46887800000000012801137927453964948654174804687500;50000,00000000000000000000000000000000000000000000000000;2
32;21,15299600000000168620317708700895309448242187500000;50000,00000000000000000000000000000000000000000000000000;4
32;21,37439099999999925216798146720975637435913085937500;50000,00000000000000000000000000000000000000000000000000;4
32;21,45472099999999926467353361658751964569091796875000;50000,00000000000000000000000000000000000000000000000000;4
32;21,22678000000000153590917761903256177902221679687500;50000,00000000000000000000000000000000000000000000000000;8
32;21,21925500000000042177816794719547033309936523437500;50000,00000000000000000000000000000000000000000000000000;8
32;21,24568500000000170757630257867276668548583984375000;50000,00000000000000000000000000000000000000000000000000;8
32;21,08956699999999884198587096761912107467651367187500;50000,00000000000000000000000000000000000000000000000000;10
32;21,30557900000000159934643306769430637359619140625000;50000,00000000000000000000000000000000000000000000000000;10
32;21,38747800000000154341250890865921974182128906250000;50000,00000000000000000000000000000000000000000000000000;10
32;21,71799100000000137811184686142951250076293945312500;50000,00000000000000000000000000000000000000000000000000;20
32;21,44890200000000035629454941954463720321655273437500;50000,00000000000000000000000000000000000000000000000000;20
32;21,44848500000000157683643919881433248519897460937500;50000,00000000000000000000000000000000000000000000000000;20
32;21,26144299999999986994225764647126197814941406250000;50000,00000000000000000000000000000000000000000000000000;50
32;21,20486800000000116028786578681319952011108398437500;50000,00000000000000000000000000000000000000000000000000;50
32;21,60296500000000108343556348700076341629028320312500;50000,00000000000000000000000000000000000000000000000000;50
32;21,69369299999999967099029163364320993423461914062500;50000,00000000000000000000000000000000000000000000000000;100
32;21,66073799999999849319465283770114183425903320312500;50000,00000000000000000000000000000000000000000000000000;100
32;21,86176499999999833789843250997364521026611328125000;50000,00000000000000000000000000000000000000000000000000;100
32;21,71336399999999855481291888281702995300292968750000;50000,00000000000000000000000000000000000000000000000000;500
32;21,45899700000000009936229616869240999221801757812500;50000,00000000000000000000000000000000000000000000000000;500
32;21,46354699999999837700670468620955944061279296875000;50000,00000000000000000000000000000000000000000000000000;500
32;21,87212299999999842725628695916384458541870117187500;50000,00000000000000000000000000000000000000000000000000;1000
32;21,75104400000000026693669497035443782806396484375000;50000,00000000000000000000000000000000000000000000000000;1000
32;21,79429000000000016257217794191092252731323242187500;50000,00000000000000000000000000000000000000000000000000;1000
16;0,42078799999999999537081407652294728904962539672852;50,00000000000000000000000000000000000000000000000000;1
16;0,37452699999999999880273549024423118680715560913086;50,00000000000000000000000000000000000000000000000000;1
16;0,34455799999999997540456320166413206607103347778320;50,00000000000000000000000000000000000000000000000000;1
16;0,39126499999999997392308159760432317852973937988281;50,00000000000000000000000000000000000000000000000000;2
16;0,36643999999999998795630062886630184948444366455078;50,00000000000000000000000000000000000000000000000000;2
16;0,34548500000000004206412995699793100357055664062500;50,00000000000000000000000000000000000000000000000000;2
16;0,36421999999999998820499058638233691453933715820312;100,00000000000000000000000000000000000000000000000000;1
16;0,34532299999999999107203052517434116452932357788086;100,00000000000000000000000000000000000000000000000000;1
16;0,35576499999999999790389892950770445168018341064453;100,00000000000000000000000000000000000000000000000000;1
16;0,35668200000000005456257667901809327304363250732422;100,00000000000000000000000000000000000000000000000000;2
16;0,33258700000000002150457589777943212538957595825195;100,00000000000000000000000000000000000000000000000000;2
16;0,34608200000000000073896444519050419330596923828125;100,00000000000000000000000000000000000000000000000000;2
16;0,35935300000000003350919541844632476568222045898438;100,00000000000000000000000000000000000000000000000000;4
16;0,35281699999999999173283526943123433738946914672852;100,00000000000000000000000000000000000000000000000000;4
16;0,37443999999999999506172798646730370819568634033203;100,00000000000000000000000000000000000000000000000000;4
16;0,36481900000000000439115410699741914868354797363281;1000,00000000000000000000000000000000000000000000000000;1
16;0,35042400000000001325517473560466896742582321166992;1000,00000000000000000000000000000000000000000000000000;1
16;0,34690700000000002090061457238334696739912033081055;1000,00000000000000000000000000000000000000000000000000;1
16;0,37990699999999999469935119122965261340141296386719;1000,00000000000000000000000000000000000000000000000000;2
16;0,37548399999999998444266680053260643035173416137695;1000,00000000000000000000000000000000000000000000000000;2
16;0,38473000000000001641353719605831429362297058105469;1000,00000000000000000000000000000000000000000000000000;2
16;0,35430000000000000381916720471053849905729293823242;1000,00000000000000000000000000000000000000000000000000;4
16;0,37799300000000002341948857065290212631225585937500;1000,00000000000000000000000000000000000000000000000000;4
16;0,36511000000000004561684363579843193292617797851562;1000,00000000000000000000000000000000000000000000000000;4
16;0,34339500000000000579092329644481651484966278076172;1000,00000000000000000000000000000000000000000000000000;8
16;0,39140500000000000291322521661641076207160949707031;1000,00000000000000000000000000000000000000000000000000;8
16;0,37451800000000001755751100063207559287548065185547;1000,00000000000000000000000000000000000000000000000000;8
16;0,37014500000000000179412040779425296932458877563477;1000,00000000000000000000000000000000000000000000000000;10
16;0,38074699999999994659560798027087002992630004882812;1000,00000000000000000000000000000000000000000000000000;10
16;0,36784200000000000230215846386272460222244262695312;1000,00000000000000000000000000000000000000000000000000;10
16;0,38540799999999997282884578453376889228820800781250;1000,00000000000000000000000000000000000000000000000000;20
16;0,34741199999999999858957266951620113104581832885742;1000,00000000000000000000000000000000000000000000000000;20
16;0,37438100000000001932320969899592455476522445678711;1000,00000000000000000000000000000000000000000000000000;20
16;0,35874399999999995181099166075000539422035217285156;1000,00000000000000000000000000000000000000000000000000;50
16;0,38103500000000001257660642295377328991889953613281;1000,00000000000000000000000000000000000000000000000000;50
16;0,38001700000000004919797902402933686971664428710938;1000,00000000000000000000000000000000000000000000000000;50
16;0,54469699999999998674127255071653053164482116699219;5000,00000000000000000000000000000000000000000000000000;1
16;0,59492999999999995885957559949019923806190490722656;5000,00000000000000000000000000000000000000000000000000;1
16;0,56686800000000003851852170555503107607364654541016;5000,00000000000000000000000000000000000000000000000000;1
16;0,54771499999999995189625678904121741652488708496094;5000,00000000000000000000000000000000000000000000000000;2
16;0,55530999999999997029931364522781223058700561523438;5000,00000000000000000000000000000000000000000000000000;2
16;0,55633100000000001994493459278601221740245819091797;5000,00000000000000000000000000000000000000000000000000;2
16;0,56480799999999997673683083121431991457939147949219;5000,00000000000000000000000000000000000000000000000000;4
16;0,55841600000000002346212113479850813746452331542969;5000,00000000000000000000000000000000000000000000000000;4
16;0,56868699999999994254551438643829897046089172363281;5000,00000000000000000000000000000000000000000000000000;4
16;0,53914899999999998936317524567130021750926971435547;5000,00000000000000000000000000000000000000000000000000;8
16;0,55163399999999995770849636755883693695068359375000;5000,00000000000000000000000000000000000000000000000000;8
16;0,55149499999999995747401726475800387561321258544922;5000,00000000000000000000000000000000000000000000000000;8
16;0,55892799999999998039612592037883587181568145751953;5000,00000000000000000000000000000000000000000000000000;10
16;0,55377999999999993896437899820739403367042541503906;5000,00000000000000000000000000000000000000000000000000;10
16;0,54830799999999990657073567490442655980587005615234;5000,00000000000000000000000000000000000000000000000000;10
16;0,54572500000000001563194018672220408916473388671875;5000,00000000000000000000000000000000000000000000000000;20
16;0,57738100000000003308997520434786565601825714111328;5000,00000000000000000000000000000000000000000000000000;20
16;0,53482399999999996609290064952801913022994995117188;5000,00000000000000000000000000000000000000000000000000;20
16;0,59856299999999995620214576774742454290390014648438;5000,00000000000000000000000000000000000000000000000000;50
16;0,53662799999999999389643789982073940336704254150391;5000,00000000000000000000000000000000000000000000000000;50
16;0,54131600000000001937650040417793206870555877685547;5000,00000000000000000000000000000000000000000000000000;50
16;0,55432599999999998541255763484514318406581878662109;5000,00000000000000000000000000000000000000000000000000;100
16;0,55760100000000001330136001342907547950744628906250;5000,00000000000000000000000000000000000000000000000000;100
16;0,54804799999999997961452891104272566735744476318359;5000,00000000000000000000000000000000000000000000000000;100
16;1,17414299999999993673327480792067945003509521484375;10000,00000000000000000000000000000000000000000000000000;1
16;1,18274900000000005029221483709989115595817565917969;10000,00000000000000000000000000000000000000000000000000;1
16;1,27266000000000012448708730516955256462097167968750;10000,00000000000000000000000000000000000000000000000000;1
16;1,20529900000000012028067430946975946426391601562500;10000,00000000000000000000000000000000000000000000000000;2
16;1,18540299999999998448174665099941194057464599609375;10000,00000000000000000000000000000000000000000000000000;2
16;1,18443499999999990457411058741854503750801086425781;10000,00000000000000000000000000000000000000000000000000;2
16;1,18119499999999999495514657610328868031501770019531;10000,00000000000000000000000000000000000000000000000000;4
16;1,18013499999999993406163412146270275115966796875000;10000,00000000000000000000000000000000000000000000000000;4
16;1,18814299999999994916777268372243270277976989746094;10000,00000000000000000000000000000000000000000000000000;4
16;1,18402300000000004764899586007231846451759338378906;10000,00000000000000000000000000000000000000000000000000;8
16;1,20021399999999989205434758332557976245880126953125;10000,00000000000000000000000000000000000000000000000000;8
16;1,18199000000000009613643214834155514836311340332031;10000,00000000000000000000000000000000000000000000000000;8
16;1,20586900000000007970868409756803885102272033691406;10000,00000000000000000000000000000000000000000000000000;10
16;1,20558800000000010399503480584826320409774780273438;10000,00000000000000000000000000000000000000000000000000;10
16;1,23348199999999996734345586446579545736312866210938;10000,00000000000000000000000000000000000000000000000000;10
16;1,18625999999999987011278790305368602275848388671875;10000,00000000000000000000000000000000000000000000000000;20
16;1,19287000000000009691802915767766535282135009765625;10000,00000000000000000000000000000000000000000000000000;20
16;1,17186499999999993448795976291876286268234252929688;10000,00000000000000000000000000000000000000000000000000;20
16;1,17215300000000000046895820560166612267494201660156;10000,00000000000000000000000000000000000000000000000000;50
16;1,18142900000000006244249561859760433435440063476562;10000,00000000000000000000000000000000000000000000000000;50
16;1,20389199999999996215649389341706410050392150878906;10000,00000000000000000000000000000000000000000000000000;50
16;1,21847900000000008979839094536146149039268493652344;10000,00000000000000000000000000000000000000000000000000;100
16;1,17329900000000009185896487906575202941894531250000;10000,00000000000000000000000000000000000000000000000000;100
16;1,18511699999999997601207724073901772499084472656250;10000,00000000000000000000000000000000000000000000000000;100
16;1,21754099999999998438227066799299791455268859863281;10000,00000000000000000000000000000000000000000000000000;500
16;1,20186499999999996113331235392251983284950256347656;10000,00000000000000000000000000000000000000000000000000;500
16;1,21774000000000004462208380573429167270660400390625;10000,00000000000000000000000000000000000000000000000000;500
16;21,17485800000000040199665818363428115844726562500000;50000,00000000000000000000000000000000000000000000000000;1
16;21,11728099999999841429598745889961719512939453125000;50000,00000000000000000000000000000000000000000000000000;1
16;20,86471900000000090358298621140420436859130859375000;50000,00000000000000000000000000000000000000000000000000;1
16;21,09808699999999959118213155306875705718994140625000;50000,00000000000000000000000000000000000000000000000000;2
16;21,38599100000000063914740167092531919479370117187500;50000,00000000000000000000000000000000000000000000000000;2
16;21,59143200000000106797415355686098337173461914062500;50000,00000000000000000000000000000000000000000000000000;2
16;21,28222299999999833630681678187102079391479492187500;50000,00000000000000000000000000000000000000000000000000;4
16;20,89177000000000106183506431989371776580810546875000;50000,00000000000000000000000000000000000000000000000000;4
16;21,11057900000000131512933876365423202514648437500000;50000,00000000000000000000000000000000000000000000000000;4
16;21,04574500000000014665602066088467836380004882812500;50000,00000000000000000000000000000000000000000000000000;8
16;21,32818099999999716942511440720409154891967773437500;50000,00000000000000000000000000000000000000000000000000;8
16;21,01108299999999928786564851179718971252441406250000;50000,00000000000000000000000000000000000000000000000000;8
16;21,23283999999999949181983538437634706497192382812500;50000,00000000000000000000000000000000000000000000000000;10
16;21,29803499999999871761247050017118453979492187500000;50000,00000000000000000000000000000000000000000000000000;10
16;21,37223499999999987153387337457388639450073242187500;50000,00000000000000000000000000000000000000000000000000;10
16;21,20392999999999972260411595925688743591308593750000;50000,00000000000000000000000000000000000000000000000000;20
16;20,95891500000000107206687971483916044235229492187500;50000,00000000000000000000000000000000000000000000000000;20
16;21,06076399999999892997948336414992809295654296875000;50000,00000000000000000000000000000000000000000000000000;20
16;21,05478300000000047020876081660389900207519531250000;50000,00000000000000000000000000000000000000000000000000;50
16;21,32327099999999830970409675501286983489990234375000;50000,00000000000000000000000000000000000000000000000000;50
16;21,03342200000000161708157975226640701293945312500000;50000,00000000000000000000000000000000000000000000000000;50
16;21,21109999999999828901309228967875242233276367187500;50000,00000000000000000000000000000000000000000000000000;100
16;21,18507100000000065165295382030308246612548828125000;50000,00000000000000000000000000000000000000000000000000;100
16;20,90178300000000177760739461518824100494384765625000;50000,00000000000000000000000000000000000000000000000000;100
16;21,37144800000000088857632363215088844299316406250000;50000,00000000000000000000000000000000000000000000000000;500
16;21,49504100000000050840753829106688499450683593750000;50000,00000000000000000000000000000000000000000000000000;500
16;21,47652199999999922397364571224898099899291992187500;50000,00000000000000000000000000000000000000000000000000;500
16;21,30648800000000164800439961254596710205078125000000;50000,00000000000000000000000000000000000000000000000000;1000
16;21,56328699999999898295754974242299795150756835937500;50000,00000000000000000000000000000000000000000000000000;1000
16;21,40243500000000054228621593210846185684204101562500;50000,00000000000000000000000000000000000000000000000000;1000
32;0,64014599999999999280220208675018511712551116943359;50,00000000000000000000000000000000000000000000000000;1
32;0,63336300000000000931521526581491343677043914794922;50,00000000000000000000000000000000000000000000000000;1
32;0,64115100000000002644640062499092891812324523925781;50,00000000000000000000000000000000000000000000000000;1
32;0,63547200000000003683453542180359363555908203125000;100,00000000000000000000000000000000000000000000000000;1
32;0,64852200000000004287414867576444521546363830566406;100,00000000000000000000000000000000000000000000000000;1
32;0,63579499999999999904076730672386474907398223876953;100,00000000000000000000000000000000000000000000000000;1
32;0,64929700000000001303135377384023740887641906738281;100,00000000000000000000000000000000000000000000000000;2
32;0,64983900000000005547917680814862251281738281250000;100,00000000000000000000000000000000000000000000000000;2
32;0,64037100000000002353317540837451815605163574218750;100,00000000000000000000000000000000000000000000000000;2
32;0,63878699999999999370459136116551235318183898925781;1000,00000000000000000000000000000000000000000000000000;1
32;0,65420299999999997897504044885863550007343292236328;1000,00000000000000000000000000000000000000000000000000;1
32;0,62922599999999995201704905412043444812297821044922;1000,00000000000000000000000000000000000000000000000000;1
32;0,66637800000000002587086100902524776756763458251953;1000,00000000000000000000000000000000000000000000000000;2
32;0,63872300000000004072120418641134165227413177490234;1000,00000000000000000000000000000000000000000000000000;2
32;0,63289200000000001011812855722382664680480957031250;1000,00000000000000000000000000000000000000000000000000;2
32;0,66418100000000002136602006430621258914470672607422;1000,00000000000000000000000000000000000000000000000000;4
32;0,64956300000000000149924517245381139218807220458984;1000,00000000000000000000000000000000000000000000000000;4
32;0,64302100000000006474465408246032893657684326171875;1000,00000000000000000000000000000000000000000000000000;4
32;0,62729299999999998949107293810811825096607208251953;1000,00000000000000000000000000000000000000000000000000;8
32;0,63526499999999996859401107940357178449630737304688;1000,00000000000000000000000000000000000000000000000000;8
32;0,65117800000000003457500952208647504448890686035156;1000,00000000000000000000000000000000000000000000000000;8
32;0,64393999999999995687005593936191871762275695800781;1000,00000000000000000000000000000000000000000000000000;10
32;0,63936999999999999388933247246313840150833129882812;1000,00000000000000000000000000000000000000000000000000;10
32;0,66308299999999997798028061879449523985385894775391;1000,00000000000000000000000000000000000000000000000000;10
32;0,65647999999999995246469097764929756522178649902344;1000,00000000000000000000000000000000000000000000000000;20
32;0,64866000000000001435296326235402375459671020507812;1000,00000000000000000000000000000000000000000000000000;20
32;0,63376799999999999801758576722932048141956329345703;1000,00000000000000000000000000000000000000000000000000;20
32;0,81885600000000002829381173796718940138816833496094;5000,00000000000000000000000000000000000000000000000000;1
32;0,84970299999999998608046780645963735878467559814453;5000,00000000000000000000000000000000000000000000000000;1
32;0,84038000000000001588063014423823915421962738037109;5000,00000000000000000000000000000000000000000000000000;1
32;0,86448800000000003418421101741841994225978851318359;5000,00000000000000000000000000000000000000000000000000;2
32;0,83053500000000002323474745935527607798576354980469;5000,00000000000000000000000000000000000000000000000000;2
32;0,82964300000000001933386784003232605755329132080078;5000,00000000000000000000000000000000000000000000000000;2
32;0,82647599999999998843236426182556897401809692382812;5000,00000000000000000000000000000000000000000000000000;4
32;0,83243500000000003602451670303707942366600036621094;5000,00000000000000000000000000000000000000000000000000;4
32;0,83906400000000003203126652806531637907028198242188;5000,00000000000000000000000000000000000000000000000000;4
32;0,83044499999999998873789763820241205394268035888672;5000,00000000000000000000000000000000000000000000000000;8
32;0,80067699999999997206856505727046169340610504150391;5000,00000000000000000000000000000000000000000000000000;8
32;0,84476099999999998413358071047696284949779510498047;5000,00000000000000000000000000000000000000000000000000;8
32;0,82315899999999997405097929004114121198654174804688;5000,00000000000000000000000000000000000000000000000000;10
32;0,82998600000000000154187773659941740334033966064453;5000,00000000000000000000000000000000000000000000000000;10
32;0,83996399999999993291055488953134045004844665527344;5000,00000000000000000000000000000000000000000000000000;10
32;0,86823099999999997500310655595967546105384826660156;5000,00000000000000000000000000000000000000000000000000;20
32;0,83699400000000001575983787915902212262153625488281;5000,00000000000000000000000000000000000000000000000000;20
32;0,85807900000000003615241439547389745712280273437500;5000,00000000000000000000000000000000000000000000000000;20
32;0,85637499999999999733546474089962430298328399658203;5000,00000000000000000000000000000000000000000000000000;50
32;0,83441799999999999304378661690861918032169342041016;5000,00000000000000000000000000000000000000000000000000;50
32;0,83390200000000003210942622899892739951610565185547;5000,00000000000000000000000000000000000000000000000000;50
32;0,83361099999999999088373670019791461527347564697266;5000,00000000000000000000000000000000000000000000000000;100
32;0,83801999999999998713917648274218663573265075683594;5000,00000000000000000000000000000000000000000000000000;100
32;0,83477199999999995849719880425254814326763153076172;5000,00000000000000000000000000000000000000000000000000;100
32;1,46186400000000005228173449722817167639732360839844;10000,00000000000000000000000000000000000000000000000000;1
32;1,47176799999999996515498423832468688488006591796875;10000,00000000000000000000000000000000000000000000000000;1
32;1,45449399999999995358734850015025585889816284179688;10000,00000000000000000000000000000000000000000000000000;1
32;1,50268399999999990868104760011192411184310913085938;10000,00000000000000000000000000000000000000000000000000;2
32;1,49993700000000007577227734145708382129669189453125;10000,00000000000000000000000000000000000000000000000000;2
32;1,46733700000000011343104233674239367246627807617188;10000,00000000000000000000000000000000000000000000000000;2
32;1,51617599999999996818189629266271367669105529785156;10000,00000000000000000000000000000000000000000000000000;4
32;1,47209600000000007113953870430123060941696166992188;10000,00000000000000000000000000000000000000000000000000;4
32;1,46511400000000002741273874562466517090797424316406;10000,00000000000000000000000000000000000000000000000000;4
32;1,48820200000000002482636318745790049433708190917969;10000,00000000000000000000000000000000000000000000000000;8
32;1,45339499999999999246824700094293802976608276367188;10000,00000000000000000000000000000000000000000000000000;8
32;1,45263199999999992328980624733958393335342407226562;10000,00000000000000000000000000000000000000000000000000;8
32;1,45424500000000000987654402706539258360862731933594;10000,00000000000000000000000000000000000000000000000000;10
32;1,47597399999999989717025528079830110073089599609375;10000,00000000000000000000000000000000000000000000000000;10
32;1,52255200000000012749978850479237735271453857421875;10000,00000000000000000000000000000000000000000000000000;10
32;1,47436100000000003262812242610380053520202636718750;10000,00000000000000000000000000000000000000000000000000;20
32;1,47117999999999993221422300848644226789474487304688;10000,00000000000000000000000000000000000000000000000000;20
32;1,43995000000000006323830348264891654253005981445312;10000,00000000000000000000000000000000000000000000000000;20
32;1,43276000000000003353761712787672877311706542968750;10000,00000000000000000000000000000000000000000000000000;50
32;1,46630899999999986249576977570541203022003173828125;10000,00000000000000000000000000000000000000000000000000;50
32;1,43909399999999987329601935925893485546112060546875;10000,00000000000000000000000000000000000000000000000000;50
32;1,42905900000000007921130418253596872091293334960938;10000,00000000000000000000000000000000000000000000000000;100
32;1,42618700000000009353584573545958846807479858398438;10000,00000000000000000000000000000000000000000000000000;100
32;1,45203999999999999737099187768762931227684020996094;10000,00000000000000000000000000000000000000000000000000;100
32;21,16414999999999935198502498678863048553466796875000;50000,00000000000000000000000000000000000000000000000000;1
32;21,25641900000000106274455902166664600372314453125000;50000,00000000000000000000000000000000000000000000000000;1
32;21,59623099999999951137397147249430418014526367187500;50000,00000000000000000000000000000000000000000000000000;1
32;21,27298100000000147247192217037081718444824218750000;50000,00000000000000000000000000000000000000000000000000;2
32;21,25729600000000019122126104775816202163696289062500;50000,00000000000000000000000000000000000000000000000000;2
32;21,72341600000000028103386284783482551574707031250000;50000,00000000000000000000000000000000000000000000000000;2
32;21,52128899999999944725459499750286340713500976562500;50000,00000000000000000000000000000000000000000000000000;4
32;21,29527600000000120417098514735698699951171875000000;50000,00000000000000000000000000000000000000000000000000;4
32;21,50918000000000063209881773218512535095214843750000;50000,00000000000000000000000000000000000000000000000000;4
32;21,28463299999999946976458886638283729553222656250000;50000,00000000000000000000000000000000000000000000000000;8
32;21,33631099999999847227627469692379236221313476562500;50000,00000000000000000000000000000000000000000000000000;8
32;21,57054300000000068848748924210667610168457031250000;50000,00000000000000000000000000000000000000000000000000;8
32;21,46227400000000073987393989227712154388427734375000;50000,00000000000000000000000000000000000000000000000000;10
32;21,46772800000000103182173916138708591461181640625000;50000,00000000000000000000000000000000000000000000000000;10
32;21,21409799999999989950083545409142971038818359375000;50000,00000000000000000000000000000000000000000000000000;10
32;21,51256100000000159866431204136461019515991210937500;50000,00000000000000000000000000000000000000000000000000;20
32;21,29323399999999821829987922683358192443847656250000;50000,00000000000000000000000000000000000000000000000000;20
32;21,45315700000000092018126451876014471054077148437500;50000,00000000000000000000000000000000000000000000000000;20
32;21,17410800000000037357494875323027372360229492187500;50000,00000000000000000000000000000000000000000000000000;50
32;21,11667399999999972237674228381365537643432617187500;50000,00000000000000000000000000000000000000000000000000;50
32;21,04289999999999949409357213880866765975952148437500;50000,00000000000000000000000000000000000000000000000000;50
32;21,19075600000000036970959627069532871246337890625000;50000,00000000000000000000000000000000000000000000000000;100
32;21,19622800000000140130396175663918256759643554687500;50000,00000000000000000000000000000000000000000000000000;100
32;21,45805100000000109616848931182175874710083007812500;50000,00000000000000000000000000000000000000000000000000;100
32;21,79509900000000044428816181607544422149658203125000;50000,00000000000000000000000000000000000000000000000000;500
32;21,50061499999999981014298100490123033523559570312500;50000,00000000000000000000000000000000000000000000000000;500
32;21,49554799999999943338480079546570777893066406250000;50000,00000000000000000000000000000000000000000000000000;500
32;21,86659999999999826059138285927474498748779296875000;50000,00000000000000000000000000000000000000000000000000;1000
32;21,83987000000000122668097901623696088790893554687500;50000,00000000000000000000000000000000000000000000000000;1000
32;21,86812899999999970646058500278741121292114257812500;50000,00000000000000000000000000000000000000000000000000;1000
